,Date,Open,High,Close,Adjusted Close,Volume,Dividends
0,2018-05-10,106.32,108.92,108.75,100.77912500581,1517801.0,0.0
1,2018-05-11,108.59,108.67,108.37,100.426977258663,1065483.0,0.0
2,2018-05-14,108.43,109.34,107.38,99.5095397068861,1239310.0,0.0
3,2018-05-15,107.02,108.06,107.98,100.065562465539,1145615.0,0.0
4,2018-05-16,107.92,108.35,107.3,99.4354033390657,968471.0,0.0
5,2018-05-17,106.65,107.0,106.25,98.4623635114234,1121982.0,0.0
6,2018-05-18,106.12,106.97,106.41,98.6106362470641,2433443.0,0.0
7,2018-05-21,107.11,108.48,108.38,100.436244304641,1337648.0,0.0
8,2018-05-22,109.0,109.79,109.31,101.298079580552,1964399.0,0.0
9,2018-05-23,108.63,110.85,110.84,102.715937615117,1282737.0,0.0
10,2018-05-24,110.43,111.07,110.86,102.734471707072,1344975.0,0.0
11,2018-05-25,111.1,111.52,110.57,102.465727373723,907480.0,0.0
12,2018-05-29,110.06,110.43,109.68,101.640960281722,1297994.0,0.0
13,2018-05-30,109.8,110.65,109.47,101.446352316193,1063260.0,0.0
14,2018-05-31,109.9,109.9,107.34,99.4724715229759,3675824.0,0.0
15,2018-06-01,108.02,109.15,109.11,101.112738661001,819320.0,0.0
16,2018-06-04,109.16,110.02,109.91,101.854102339205,646364.0,0.0
17,2018-06-05,109.99,112.43,112.34,104.105994511749,1342261.0,0.0
18,2018-06-06,112.29,113.6,113.58,105.255108212964,1660722.0,0.0
19,2018-06-07,113.66,113.69,112.22,103.994789960018,1378736.0,0.0
20,2018-06-08,112.23,112.92,112.3,104.068926327839,789790.0,0.0
21,2018-06-11,112.22,112.9,112.51,104.263534293367,732903.0,0.0
22,2018-06-12,112.9,113.36,113.28,104.977096833638,695219.0,0.0
23,2018-06-13,113.62,114.46,113.63,105.301443442852,702907.0,0.0
24,2018-06-14,113.33,114.45,113.9,106.033540075078,822326.0,0.52
25,2018-06-15,113.68,114.7,114.52,106.610720012274,1693764.0,0.0
26,2018-06-18,113.61,115.58,115.5,107.523036687195,889232.0,0.0
27,2018-06-19,114.55,115.88,115.8,107.802317301967,1051263.0,0.0
28,2018-06-20,115.94,116.68,115.97,107.960576317005,730155.0,0.0
29,2018-06-21,116.64,117.62,117.05,108.965986530184,849954.0,0.0
30,2018-06-22,117.24,118.37,117.71,109.580403882682,1749534.0,0.0
31,2018-06-25,117.62,117.88,116.05,108.03505114761,1072347.0,0.0
32,2018-06-26,115.98,116.4,115.48,107.504417979544,1155843.0,0.0
33,2018-06-27,115.78,116.03,115.41,107.439252502764,1125350.0,0.0
34,2018-06-28,115.0,117.36,117.11,109.021842653138,976665.0,0.0
35,2018-06-29,117.45,117.85,116.37,108.332950470034,1374288.0,0.0
36,2018-07-02,115.87,116.55,116.51,108.463281423594,871839.0,0.0
37,2018-07-03,116.97,117.67,115.9,107.895410840225,648856.0,0.0
38,2018-07-05,116.5,117.65,117.48,109.36628874469,1019008.0,0.0
39,2018-07-06,117.33,118.78,118.41,110.232058650483,818717.0,0.0
40,2018-07-09,118.73,118.78,118.3,110.1296557584,934809.0,0.0
41,2018-07-10,119.26,119.65,118.64,110.446173788475,1047451.0,0.0
42,2018-07-11,119.15,121.3,120.32,112.010145231198,2776801.0,0.0
43,2018-07-12,120.74,120.94,120.77,112.429066153356,812509.0,0.0
44,2018-07-13,120.77,121.69,120.77,112.429066153356,587969.0,0.0
45,2018-07-16,121.14,121.48,121.35,112.969008675248,801179.0,0.0
46,2018-07-17,121.12,122.57,122.45,113.993037596078,985509.0,0.0
47,2018-07-18,122.43,123.31,123.19,114.681929779183,919988.0,0.0
48,2018-07-19,122.58,123.01,122.18,113.741685042784,738454.0,0.0
49,2018-07-20,122.1,122.41,121.68,113.276217351497,692778.0,0.0
50,2018-07-23,121.81,122.06,122.02,113.592735381572,589167.0,0.0
51,2018-07-24,122.0,122.38,121.47,113.080720921157,973972.0,0.0
52,2018-07-25,121.18,124.14,124.05,115.482534208195,1029175.0,0.0
53,2018-07-26,123.9,125.31,125.15,116.506563129026,801021.0,0.0
54,2018-07-27,124.84,125.02,123.45,114.923972978652,1386427.0,0.0
55,2018-07-30,122.94,123.46,120.48,112.159094892409,898455.0,0.0
56,2018-07-31,120.86,121.67,121.3,112.922461906119,926015.0,0.0
57,2018-08-01,121.2,122.16,120.9,112.55008775309,1061968.0,0.0
58,2018-08-02,120.29,121.95,121.52,113.127267690285,1233340.0,0.0
59,2018-08-03,116.25,119.89,117.67,109.543166467379,2021717.0,0.0
60,2018-08-06,117.35,119.47,119.22,110.986116310367,1377200.0,0.0
61,2018-08-07,120.0,121.54,121.0,112.643181291347,1029712.0,0.0
62,2018-08-08,121.56,121.58,119.82,111.544677539911,1020366.0,0.0
63,2018-08-09,119.44,121.94,121.45,113.062102213505,1144765.0,0.0
64,2018-08-10,121.15,122.03,121.01,112.652490645173,555655.0,0.0
65,2018-08-13,121.38,122.58,121.35,112.969008675248,759871.0,0.0
66,2018-08-14,121.5,121.72,121.0,112.643181291347,942042.0,0.0
67,2018-08-15,120.55,121.1,120.28,111.972907815895,780170.0,0.0
68,2018-08-16,120.84,121.77,121.31,112.931771259945,788366.0,0.0
69,2018-08-17,121.32,123.68,122.99,114.495742702668,896810.0,0.0
70,2018-08-20,124.1,125.68,124.99,116.357613467814,979697.0,0.0
71,2018-08-21,124.92,125.78,124.49,115.892145776528,455524.0,0.0
72,2018-08-22,124.51,124.76,124.41,115.817670945922,638731.0,0.0
73,2018-08-23,124.49,125.26,125.09,116.450707006071,533181.0,0.0
74,2018-08-24,125.6,126.99,126.65,117.902966202886,959669.0,0.0
75,2018-08-27,126.85,127.56,127.25,118.461527432429,972650.0,0.0
76,2018-08-28,127.59,128.48,127.83,119.001469954322,910874.0,0.0
77,2018-08-29,127.83,128.85,128.72,119.830002444812,555266.0,0.0
78,2018-08-30,128.94,129.2,127.54,118.731498693376,1086389.0,0.0
79,2018-08-31,126.98,128.56,128.36,119.494865707086,984024.0,0.0
80,2018-09-04,127.57,128.19,128.17,119.317987984397,706098.0,0.0
81,2018-09-05,127.86,128.25,127.42,118.619786447467,772533.0,0.0
82,2018-09-06,128.11,128.38,127.61,118.796664170156,758737.0,0.0
83,2018-09-07,127.6,127.98,126.79,118.033297156446,863758.0,0.0
84,2018-09-10,127.47,127.69,127.13,118.349815186521,678018.0,0.0
85,2018-09-11,127.13,127.86,127.44,118.638405155118,632251.0,0.0
86,2018-09-12,126.94,127.33,125.99,117.288548850387,859865.0,0.0
87,2018-09-13,125.8,126.85,126.14,117.912275556711,672507.0,0.52
88,2018-09-14,127.57,127.61,126.76,118.491834862603,819806.0,0.0
89,2018-09-17,127.12,127.12,126.49,118.239446132618,987004.0,0.0
90,2018-09-18,126.13,128.39,126.61,118.3516189015,887953.0,0.0
91,2018-09-19,126.5,126.78,124.53,116.407290907541,644451.0,0.0
92,2018-09-20,124.9,126.13,126.09,117.86553690301,620512.0,0.0
93,2018-09-21,126.09,128.59,128.41,120.034210434734,2251961.0,0.0
94,2018-09-24,127.7,129.44,128.96,120.548335625444,1363351.0,0.0
95,2018-09-25,129.0,130.26,129.92,121.445717776502,1271393.0,0.0
96,2018-09-26,130.0,130.32,128.74,120.34268554916,1167343.0,0.0
97,2018-09-27,128.66,129.63,128.53,120.146383203616,462868.0,0.0
98,2018-09-28,128.25,130.34,130.14,121.651367852786,831872.0,0.0
99,2018-10-01,131.0,131.48,128.19,119.828560358449,1169033.0,0.0
100,2018-10-02,127.86,128.65,126.87,118.594659900745,1407169.0,0.0
101,2018-10-03,127.52,128.32,126.79,118.519878054823,796116.0,0.0
102,2018-10-04,126.45,126.5,125.94,117.725320941908,678048.0,0.0
103,2018-10-05,125.81,126.98,125.59,117.398150366001,651472.0,0.0
104,2018-10-08,125.51,125.54,123.5,115.444474641302,630836.0,0.0
105,2018-10-09,123.25,124.73,124.45,116.33250906162,727377.0,0.0
106,2018-10-10,124.14,124.21,120.68,112.808414572569,1001584.0,0.0
107,2018-10-11,120.32,121.15,117.94,110.247136349758,1024236.0,0.0
108,2018-10-12,119.59,120.83,120.24,112.397114420001,874716.0,0.0
109,2018-10-15,119.98,120.94,120.01,112.182116612977,782007.0,0.0
110,2018-10-16,120.61,124.09,123.76,115.687515640547,745027.0,0.0
111,2018-10-17,124.09,124.11,123.56,115.500561025743,580220.0,0.0
112,2018-10-18,123.45,124.85,123.85,115.771645217209,951866.0,0.0
113,2018-10-19,124.13,124.93,123.36,115.313606410939,942139.0,0.0
114,2018-10-22,123.67,123.84,123.02,114.995783565773,599809.0,0.0
115,2018-10-23,121.63,123.25,122.29,114.31339922174,646433.0,0.0
116,2018-10-24,122.04,124.62,119.58,111.780164191149,946107.0,0.0
117,2018-10-25,120.11,122.59,121.62,113.687101262147,804718.0,0.0
118,2018-10-26,120.25,121.32,119.68,111.873641498551,799342.0,0.0
119,2018-10-29,120.95,121.98,117.06,109.424536044622,1092380.0,0.0
120,2018-10-30,117.25,119.48,119.24,111.462341345983,1093104.0,0.0
121,2018-10-31,120.71,123.83,122.56,114.565787951725,1092441.0,0.0
122,2018-11-01,122.8,124.09,123.78,115.706211102027,955690.0,0.0
123,2018-11-02,124.93,129.52,128.84,120.436162856562,2171288.0,0.0
124,2018-11-05,128.29,128.67,124.03,115.939904370532,1720925.0,0.0
125,2018-11-06,123.65,125.99,125.89,117.678582288207,934115.0,0.0
126,2018-11-07,126.53,128.93,128.67,120.277251433978,892075.0,0.0
127,2018-11-08,128.09,129.75,129.59,121.137242662076,818515.0,0.0
128,2018-11-09,129.42,129.99,129.65,121.193329046517,942608.0,0.0
129,2018-11-12,129.45,129.45,126.99,118.706832669627,574628.0,0.0
130,2018-11-13,127.54,129.35,126.9,118.622703092965,853039.0,0.0
131,2018-11-14,127.33,130.24,128.73,120.33333781842,1053974.0,0.0
132,2018-11-15,128.64,130.1,129.39,120.950288047272,948697.0,0.0
133,2018-11-16,128.81,130.49,130.02,121.539195083904,815619.0,0.0
134,2018-11-19,129.56,129.95,126.29,118.052491517814,723868.0,0.0
135,2018-11-20,123.8,126.22,123.57,115.509908756483,1092313.0,0.0
136,2018-11-21,124.57,125.2,124.11,116.014686216453,766915.0,0.0
137,2018-11-23,122.97,124.76,124.35,116.239031754218,247640.0,0.0
138,2018-11-26,125.3,127.37,127.37,119.062046437754,862920.0,0.0
139,2018-11-27,126.69,130.24,129.3,120.86615847061,1267569.0,0.0
140,2018-11-28,129.69,132.1,132.07,123.455479885642,986927.0,0.0
141,2018-11-29,131.75,133.09,132.58,123.932214153391,770809.0,0.0
142,2018-11-30,132.18,132.95,131.25,122.688965964947,1367085.0,0.0
143,2018-12-03,133.18,133.83,133.79,125.063289572954,1081976.0,0.0
144,2018-12-04,133.55,133.97,130.08,121.595281468345,1601877.0,0.0
145,2018-12-06,128.69,129.92,129.76,121.296154084659,1258918.0,0.0
146,2018-12-07,129.44,129.7,127.53,119.211610129597,1279795.0,0.0
147,2018-12-10,127.07,130.2,129.6,121.146590392816,975135.0,0.0
148,2018-12-11,131.05,131.33,129.46,121.015722162453,955100.0,0.0
149,2018-12-12,130.42,132.32,130.25,121.754192890928,959526.0,0.0
150,2018-12-13,130.0,131.21,129.05,121.165285854296,822207.0,0.57
151,2018-12-14,127.85,128.5,126.65,118.911921375022,655240.0,0.0
152,2018-12-17,126.6,127.135,123.24,115.71026601072,1040783.0,0.0
153,2018-12-18,123.61,124.33,121.89,114.442748491129,1234266.0,0.0
154,2018-12-19,121.79,122.92,119.05,111.776267190654,1022198.0,0.0
155,2018-12-20,118.73,119.62,115.5,108.443165565062,1198201.0,0.0
156,2018-12-21,115.5,118.52,111.73,104.903505528869,2606412.0,0.0
157,2018-12-24,110.93,112.34,108.97,102.312136377704,788484.0,0.0
158,2018-12-26,109.51,112.31,112.17,105.316622350069,1229887.0,0.0
159,2018-12-27,110.67,112.43,112.41,105.541958797996,815926.0,0.0
160,2018-12-28,112.51,113.67,112.25,105.391734499378,654109.0,0.0
161,2018-12-31,113.03,115.04,115.04,108.011270706534,1051558.0,0.0
162,2019-01-02,113.9,115.88,114.78,107.767156221279,1078609.0,0.0
163,2019-01-03,113.63,114.4,110.76,103.992770718495,935406.0,0.0
164,2019-01-04,112.46,116.77,115.56,108.499499677043,920463.0,0.0
165,2019-01-07,115.5,116.81,116.1,109.00650668488,1220552.0,0.0
166,2019-01-08,116.9,119.51,119.51,112.208162049182,1430010.0,0.0
167,2019-01-09,119.35,120.07,116.16,109.062840796862,1473135.0,0.0
168,2019-01-10,115.3,117.66,117.56,110.377303409772,1042035.0,0.0
169,2019-01-11,116.9,117.76,116.0,108.912616498244,1122096.0,0.0
170,2019-01-14,115.53,116.37,115.12,108.086382855843,1187488.0,0.0
171,2019-01-15,115.06,116.15,115.77,108.69666906898,1189698.0,0.0
172,2019-01-16,115.73,116.9,114.55,107.551208792016,1250644.0,0.0
173,2019-01-17,114.63,115.81,113.75,106.800087298924,1137117.0,0.0
174,2019-01-18,114.24,116.18,115.6,108.537055751698,1239848.0,0.0
175,2019-01-22,115.23,115.86,114.47,107.476096642707,1167622.0,0.0
176,2019-01-23,115.22,115.6,114.46,107.466707624043,742780.0,0.0
177,2019-01-24,114.77,115.17,114.79,107.776545239943,711791.0,0.0
178,2019-01-25,115.84,116.81,116.18,109.081618834189,744204.0,0.0
179,2019-01-28,114.85,115.27,115.23,108.189662061143,595483.0,0.0
180,2019-01-29,115.17,116.12,115.72,108.649723975662,855731.0,0.0
181,2019-01-30,115.57,117.18,116.81,109.673127009999,930437.0,0.0
182,2019-01-31,116.64,117.67,116.91,109.767017196635,980959.0,0.0
183,2019-02-01,117.41,119.19,118.37,111.137813921527,1183996.0,0.0
184,2019-02-04,118.25,120.25,120.05,112.715169057019,1599782.0,0.0
185,2019-02-05,120.08,120.34,119.38,112.086104806555,942858.0,0.0
186,2019-02-06,119.37,120.67,120.43,113.071951766237,907450.0,0.0
187,2019-02-07,119.79,119.81,118.62,111.372539388118,1031726.0,0.0
188,2019-02-08,129.94,136.78,135.37,127.099145649718,4429326.0,0.0
189,2019-02-11,135.38,136.54,134.18,125.981852428744,1903121.0,0.0
190,2019-02-12,134.29,138.32,137.22,128.836114102491,1823425.0,0.0
191,2019-02-13,137.45,137.92,137.64,129.230452886364,1178017.0,0.0
192,2019-02-14,137.64,137.98,137.19,128.8079470465,956314.0,0.0
193,2019-02-15,138.34,138.92,138.63,130.159965734065,1077198.0,0.0
194,2019-02-19,137.96,139.49,138.91,130.422858256647,773942.0,0.0
195,2019-02-20,139.17,139.91,139.21,130.704528816556,1067872.0,0.0
196,2019-02-21,139.38,139.65,138.39,129.934629286137,981294.0,0.0
197,2019-02-22,138.89,140.06,139.98,131.427483253657,942656.0,0.0
198,2019-02-25,140.55,141.47,141.21,132.582332549284,742426.0,0.0
199,2019-02-26,141.17,142.18,141.64,132.986060351821,1130122.0,0.0
200,2019-02-27,141.38,143.02,142.99,134.253577871413,757051.0,0.0
201,2019-02-28,143.19,144.31,143.12,134.37563511404,1444114.0,0.0
202,2019-03-01,143.74,144.57,143.61,134.835697028558,678351.0,0.0
203,2019-03-04,144.84,144.94,142.0,133.324065023712,1087747.0,0.0
204,2019-03-05,141.98,142.43,141.6,132.948504277166,808852.0,0.0
205,2019-03-06,141.62,141.78,140.28,131.709153813566,690670.0,0.0
206,2019-03-07,140.52,140.64,139.49,130.967421339138,886839.0,0.0
207,2019-03-08,137.91,138.94,138.85,130.366524144665,707995.0,0.0
208,2019-03-11,138.24,141.98,141.45,132.807668997212,1013672.0,0.0
209,2019-03-12,141.77,142.26,140.2,131.634041664257,919815.0,0.0
210,2019-03-13,140.86,141.85,141.01,132.394552176012,809534.0,0.0
211,2019-03-14,141.0,141.0,140.09,132.065936522784,1305756.0,0.57
212,2019-03-15,139.99,141.62,140.64,132.584433668102,1092726.0,0.0
213,2019-03-18,140.56,141.15,140.5,132.452452576566,721419.0,0.0
214,2019-03-19,141.22,141.22,140.46,132.41474369327,662502.0,0.0
215,2019-03-20,140.35,140.8,138.7,130.755552828254,811610.0,0.0
216,2019-03-21,138.96,141.25,140.64,132.584433668102,708197.0,0.0
217,2019-03-22,140.01,140.78,138.64,130.698989503311,722841.0,0.0
218,2019-03-25,138.64,138.97,138.64,130.698989503311,732803.0,0.0
219,2019-03-26,139.87,140.49,140.4,132.358180368327,1088569.0,0.0
220,2019-03-27,140.4,141.45,139.37,131.387176623459,922228.0,0.0
221,2019-03-28,139.47,140.5,139.19,131.217486648628,858552.0,0.0
222,2019-03-29,139.85,140.61,140.42,132.377034809975,897648.0,0.0
223,2019-04-01,141.51,142.46,141.32,133.225484684131,701110.0,0.0
224,2019-04-02,141.9,142.35,141.67,133.555437412969,662707.0,0.0
225,2019-04-03,142.43,143.61,142.29,134.139925104054,957352.0,0.0
226,2019-04-04,142.69,142.75,140.68,132.622142551397,442572.0,0.0
227,2019-04-05,141.33,141.45,140.66,132.60328810975,1030665.0,0.0
228,2019-04-08,140.65,140.91,140.63,132.575006447278,578566.0,0.0
229,2019-04-09,140.53,141.5,140.78,132.716414759637,756792.0,0.0
230,2019-04-10,141.0,142.75,142.7,134.526441157836,646104.0,0.0
231,2019-04-11,143.22,143.52,143.05,134.856393886675,904996.0,0.0
232,2019-04-12,143.47,143.67,143.23,135.026083861506,732410.0,0.0
233,2019-04-15,143.03,143.7,143.57,135.34660936952,461945.0,0.0
234,2019-04-16,143.83,144.91,144.81,136.515584751691,714351.0,0.0
235,2019-04-17,145.0,145.76,143.62,135.39374547364,539715.0,0.0
236,2019-04-18,144.14,144.79,143.36,135.148637732217,601281.0,0.0
237,2019-04-22,143.11,144.62,144.12,135.865106514838,663179.0,0.0
238,2019-04-23,144.24,146.41,146.07,137.703414575509,897623.0,0.0
239,2019-04-24,145.71,147.59,146.99,138.570718891313,1106572.0,0.0
240,2019-04-25,146.31,146.31,145.54,137.20377187184,890280.0,0.0
241,2019-04-26,145.69,146.73,146.26,137.882531771164,756319.0,0.0
242,2019-04-29,145.9,146.07,145.26,136.939809688769,712582.0,0.0
243,2019-04-30,145.48,145.48,144.91,136.60985695993,666094.0,0.0
244,2019-05-01,144.96,145.21,142.73,134.554722820308,1056373.0,0.0
245,2019-05-02,142.54,143.28,142.35,134.196488428998,1018041.0,0.0
246,2019-05-03,143.21,148.43,143.62,135.39374547364,1563989.0,0.0
247,2019-05-06,141.37,142.66,142.28,134.13049788323,1011663.0,0.0
248,2019-05-07,140.84,141.99,141.75,133.630855179561,1026086.0,0.0
249,2019-05-08,141.73,143.98,143.05,134.856393886675,809553.0,0.0
250,2019-05-09,141.94,145.36,145.23,136.911528026297,1375587.0,0.0
251,2019-05-10,144.52,148.5,148.43,139.928238689963,1468497.0,0.0
252,2019-05-13,145.23,145.69,143.23,135.026083861506,1199502.0,0.0
253,2019-05-14,143.75,145.2,144.63,136.34589477686,1045251.0,0.0
254,2019-05-15,143.83,145.29,145.18,136.864391922177,795914.0,0.0
255,2019-05-16,145.87,148.98,148.39,139.890529806667,847933.0,0.0
256,2019-05-17,146.97,148.41,146.95,138.533010008017,1623188.0,0.0
257,2019-05-20,146.44,147.11,146.9,138.485873903897,1098231.0,0.0
258,2019-05-21,147.61,149.65,148.73,140.211055314681,989555.0,0.0
259,2019-05-22,148.03,152.99,152.63,143.887671436024,1310826.0,0.0
260,2019-05-23,151.38,153.59,150.48,141.860818958873,1807941.0,0.0
261,2019-05-24,151.32,151.66,150.63,142.002227271233,736313.0,0.0
262,2019-05-28,150.86,152.23,150.41,141.794828413106,1271620.0,0.0
263,2019-05-29,149.78,150.8,149.27,140.720125239175,659780.0,0.0
264,2019-05-30,149.41,151.97,151.29,142.624423845614,867262.0,0.0
265,2019-05-31,149.79,150.7,149.95,141.361176255204,808506.0,0.0
266,2019-06-03,150.03,152.17,152.09,143.37860151153,1351363.0,0.0
267,2019-06-04,152.85,157.06,156.94,147.950803611148,1536556.0,0.0
268,2019-06-05,157.92,161.31,160.63,151.429448095187,1447769.0,0.0
269,2019-06-06,160.65,161.35,160.98,151.759400824026,863883.0,0.0
270,2019-06-07,161.6,163.78,163.58,154.210478238254,637155.0,0.0
271,2019-06-10,163.59,164.27,161.51,152.259043527695,1019540.0,0.0
272,2019-06-11,162.22,162.84,160.56,151.36345754942,830916.0,0.0
273,2019-06-12,160.92,161.53,161.31,152.070499111216,911862.0,0.0
274,2019-06-13,161.98,162.46,159.95,151.325748666124,763962.0,0.57
275,2019-06-14,160.0,161.05,160.35,151.704181297987,900942.0,0.0
276,2019-06-17,161.07,163.99,163.84,155.006006010989,1164019.0,0.0
277,2019-06-18,164.16,166.04,165.09,156.188607985561,1186617.0,0.0
278,2019-06-19,165.25,166.85,166.54,157.560426276063,1052252.0,0.0
279,2019-06-20,168.27,169.3,166.86,157.863172381553,1332674.0,0.0
280,2019-06-21,167.16,167.48,165.09,156.188607985561,1615400.0,0.0
281,2019-06-24,165.39,167.37,165.61,156.680570406982,765118.0,0.0
282,2019-06-25,165.89,166.81,164.19,155.337134563869,957989.0,0.0
283,2019-06-26,165.25,166.97,164.88,155.989930853833,1071834.0,0.0
284,2019-06-27,165.39,165.99,164.6,155.725028011529,706790.0,0.0
285,2019-06-28,164.99,166.95,166.73,157.740181776198,2931190.0,0.0
286,2019-07-01,168.01,168.8,166.89,157.891554828943,960726.0,0.0
287,2019-07-02,166.89,168.96,168.31,159.234990672056,1227131.0,0.0
288,2019-07-03,168.17,170.63,170.37,161.183918726149,425798.0,0.0
289,2019-07-05,170.18,170.68,170.65,161.448821568453,599663.0,0.0
290,2019-07-08,169.6,169.8,169.06,159.944551856799,580517.0,0.0
291,2019-07-09,168.93,170.51,170.35,161.164997094556,926189.0,0.0
292,2019-07-10,171.0,172.32,170.73,161.524508094826,885766.0,0.0
293,2019-07-11,170.99,171.08,171.07,161.846175831909,765581.0,0.0
294,2019-07-12,171.36,172.35,172.28,162.990934543294,510003.0,0.0
295,2019-07-15,172.28,173.19,172.8,163.482896964715,655089.0,0.0
296,2019-07-16,173.13,173.44,171.53,162.281373358551,624940.0,0.0
297,2019-07-17,170.0,171.09,170.16,160.985241594421,519358.0,0.0
298,2019-07-18,170.39,171.58,171.52,162.271912542755,590460.0,0.0
299,2019-07-19,172.65,172.65,168.91,159.80263961985,733679.0,0.0
300,2019-07-22,169.52,171.07,169.98,160.814946910083,452889.0,0.0
301,2019-07-23,170.7,170.84,170.8,161.590733805402,485141.0,0.0
302,2019-07-24,170.57,170.57,167.59,158.553811934703,1000300.0,0.0
303,2019-07-25,167.65,169.33,168.93,159.821561251443,641980.0,0.0
304,2019-07-26,169.6,170.34,170.1,160.928476699642,542712.0,0.0
305,2019-07-29,170.8,170.8,168.77,159.670188198698,790942.0,0.0
306,2019-07-30,168.17,169.36,166.0,157.049542223048,1013612.0,0.0
307,2019-07-31,166.3,167.8,165.96,157.011698959862,1036237.0,0.0
308,2019-08-01,165.99,167.92,164.76,155.876401064274,1506609.0,0.0
309,2019-08-02,163.47,172.29,170.08,160.909555068049,1732395.0,0.0
310,2019-08-05,167.51,169.05,168.73,159.632344935512,1459079.0,0.0
311,2019-08-06,169.27,172.18,171.58,162.328677437534,900088.0,0.0
312,2019-08-07,170.79,174.37,174.0,164.618194860304,1186344.0,0.0
313,2019-08-08,175.29,179.14,179.06,169.405367653368,950928.0,0.0
314,2019-08-09,178.67,178.73,176.3,166.794182493515,703497.0,0.0
315,2019-08-12,175.47,176.81,175.55,166.084621308772,1347443.0,0.0
316,2019-08-13,175.3,177.27,176.05,166.5576620986,822086.0,0.0
317,2019-08-14,173.77,174.91,171.03,161.808332568723,1140766.0,0.0
318,2019-08-15,171.26,173.23,172.06,162.782796595769,672774.0,0.0
319,2019-08-16,173.0,174.74,173.32,163.974859386137,937277.0,0.0
320,2019-08-19,175.31,177.5,176.87,167.333448993919,640600.0,0.0
321,2019-08-20,176.53,177.21,175.39,165.933248256027,440252.0,0.0
322,2019-08-21,177.25,179.24,179.2,169.53781907452,769344.0,0.0
323,2019-08-22,179.2,179.54,178.73,169.093160732081,856315.0,0.0
324,2019-08-23,178.0,178.97,175.27,165.819718466468,886610.0,0.0
325,2019-08-26,176.38,178.4,178.35,168.733649731811,723477.0,0.0
326,2019-08-27,178.59,179.7,178.51,168.885022784556,1096055.0,0.0
327,2019-08-28,177.75,178.31,178.24,168.629580758049,654205.0,0.0
328,2019-08-29,179.79,181.83,181.16,171.392138970647,560229.0,0.0
329,2019-08-30,182.23,182.28,180.91,171.155618575733,692244.0,0.0
330,2019-09-03,180.01,180.66,178.6,168.970170126725,848575.0,0.0
331,2019-09-04,179.73,180.06,178.92,169.272916232216,722561.0,0.0
332,2019-09-05,176.49,176.73,173.57,164.211379781051,3141480.0,0.0
333,2019-09-06,174.28,175.73,174.8,165.375060124029,2589897.0,0.0
334,2019-09-09,175.15,175.31,171.67,162.413824779703,1044661.0,0.0
335,2019-09-10,170.62,170.62,164.43,155.564194142987,2085698.0,0.0
336,2019-09-11,164.42,166.32,165.31,156.396745933085,1486288.0,0.0
337,2019-09-12,165.96,167.29,166.14,157.721260144605,1948942.0,0.57
338,2019-09-13,165.94,168.35,167.04,158.575654836612,1092938.0,0.0
339,2019-09-16,166.22,167.09,166.03,157.616834126693,1167663.0,0.0
340,2019-09-17,166.56,169.19,168.84,160.284444220628,1305096.0,0.0
341,2019-09-18,168.95,169.42,168.47,159.933193069469,960514.0,0.0
342,2019-09-19,168.62,169.56,167.42,158.936399262127,761015.0,0.0
343,2019-09-20,167.84,169.18,166.21,157.787713065094,1401999.0,0.0
344,2019-09-23,166.26,169.43,168.47,159.933193069469,1213241.0,0.0
345,2019-09-24,169.86,172.67,169.23,160.654681920498,1223333.0,0.0
346,2019-09-25,169.03,172.02,171.62,162.923574491496,730317.0,0.0
347,2019-09-26,171.5,172.75,172.37,163.635570068169,767013.0,0.0
348,2019-09-27,172.72,172.72,170.19,161.566036258639,619240.0,0.0
349,2019-09-30,170.14,171.29,170.41,161.774888294463,937019.0,0.0
350,2019-10-01,170.43,170.83,165.44,157.05673093971,1350576.0,0.0
351,2019-10-02,164.75,164.75,164.43,156.09791022979,1665103.0,0.0
352,2019-10-03,163.76,165.02,164.68,156.335242088681,1110821.0,0.0
353,2019-10-04,165.37,168.28,168.21,159.686367936222,954457.0,0.0
354,2019-10-07,168.0,168.43,167.79,159.287650413285,807033.0,0.0
355,2019-10-08,168.84,173.24,170.75,162.097659622555,1890367.0,0.0
356,2019-10-09,171.48,172.45,171.1,162.429924225002,963981.0,0.0
357,2019-10-10,170.39,170.75,170.01,161.395157320237,709442.0,0.0
358,2019-10-11,172.05,172.39,167.53,159.040825280039,1292076.0,0.0
359,2019-10-14,167.52,169.12,167.34,158.860453067282,1064249.0,0.0
360,2019-10-15,167.64,170.61,169.71,161.110359089568,679857.0,0.0
361,2019-10-16,170.49,172.8,172.76,164.005807768038,1159153.0,0.0
362,2019-10-17,173.55,176.95,175.72,166.815816977308,1150678.0,0.0
363,2019-10-18,176.37,176.53,175.05,166.17976759548,818038.0,0.0
364,2019-10-21,175.64,176.27,176.01,167.091121933622,816505.0,0.0
365,2019-10-22,176.01,176.43,169.08,160.512282805163,899211.0,0.0
366,2019-10-23,169.24,169.53,169.09,160.521776079519,1095268.0,0.0
367,2019-10-24,166.21,167.2,163.25,154.977703855825,2846841.0,0.0
368,2019-10-25,163.39,164.73,163.41,155.129596245515,937819.0,0.0
369,2019-10-28,164.77,164.77,162.82,154.569493058532,1056189.0,0.0
370,2019-10-29,162.0,164.79,164.75,156.401695009171,852728.0,0.0
371,2019-10-30,164.85,165.83,165.36,156.980784744865,1090277.0,0.0
372,2019-10-31,166.0,167.81,166.32,157.892139083006,2670657.0,0.0
373,2019-11-01,167.04,168.49,167.56,159.069305103106,962138.0,0.0
374,2019-11-04,168.26,168.45,160.59,152.452492877225,1455860.0,0.0
375,2019-11-05,159.75,160.43,157.09,149.12984685275,3020709.0,0.0
376,2019-11-06,157.09,159.17,158.6,150.563331280452,1289656.0,0.0
377,2019-11-07,159.66,163.9,162.2,153.980910048483,1574159.0,0.0
378,2019-11-08,161.98,165.07,164.96,156.601053770639,1190736.0,0.0
379,2019-11-11,162.34,163.41,161.15,152.98411624114,1190182.0,0.0
380,2019-11-12,160.99,161.34,161.12,152.955636418073,1248380.0,0.0
381,2019-11-13,160.6,164.08,161.6,153.411313587144,1135713.0,0.0
382,2019-11-14,160.7,163.1,161.74,153.544219428123,658747.0,0.0
383,2019-11-15,162.18,162.37,162.08,153.866990756215,913745.0,0.0
384,2019-11-18,162.0,163.44,162.96,154.702398899511,923799.0,0.0
385,2019-11-19,163.99,166.55,166.0,157.588354303626,928053.0,0.0
386,2019-11-20,166.07,168.24,166.36,157.930112180429,1043557.0,0.0
387,2019-11-21,165.73,166.69,165.06,156.695986514196,970648.0,0.0
388,2019-11-22,165.29,166.37,165.85,157.445955188291,706529.0,0.0
389,2019-11-25,166.56,166.99,165.72,157.322542621668,783320.0,0.0
390,2019-11-26,165.93,167.98,166.36,157.930112180429,2956230.0,0.0
391,2019-11-27,166.86,167.87,167.4,158.917412713415,778335.0,0.0
392,2019-11-29,166.62,167.94,167.3,158.822479969859,434594.0,0.0
393,2019-12-02,166.79,167.1,165.04,156.676999965484,877236.0,0.0
394,2019-12-03,164.27,165.9,164.86,156.506121027083,1006505.0,0.0
395,2019-12-04,165.55,166.51,165.14,156.771932709041,1002656.0,0.0
396,2019-12-05,164.67,164.98,160.44,152.31009376189,1697131.0,0.0
397,2019-12-06,160.55,161.75,160.71,152.566412169492,1497349.0,0.0
398,2019-12-09,161.28,162.68,161.5,153.316380843588,1126981.0,0.0
399,2019-12-10,161.45,162.04,160.92,152.765770930961,1688712.0,0.0
400,2019-12-11,161.5,162.35,161.78,153.582192525546,1819651.0,0.0
401,2019-12-12,161.51,162.97,161.97,154.370134297064,1885003.0,0.64
402,2019-12-13,161.1,162.6,160.5,152.969108814464,1542296.0,0.0
403,2019-12-16,161.88,162.96,161.4,153.826879518097,1413395.0,0.0
404,2019-12-17,162.04,164.4,160.98,153.426586523068,1530855.0,0.0
405,2019-12-18,161.74,162.37,159.39,151.911191613317,1664972.0,0.0
406,2019-12-19,159.35,161.93,161.11,153.550486735815,2527982.0,0.0
407,2019-12-20,162.19,162.71,161.01,153.455178879856,3442981.0,0.0
408,2019-12-23,162.44,162.8,162.2,154.58934236577,1389202.0,0.0
409,2019-12-24,162.05,162.37,161.68,154.093741514782,264206.0,0.0
410,2019-12-26,161.87,162.6,161.38,153.807817946905,578026.0,0.0
411,2019-12-27,161.59,161.84,161.45,153.874533446076,570779.0,0.0
412,2019-12-30,161.19,161.31,160.96,153.407524951876,817475.0,0.0
413,2019-12-31,160.89,161.34,161.14,153.579079092603,897210.0,0.0
414,2020-01-02,162.17,162.31,161.63,154.046087586803,1356911.0,0.0
415,2020-01-03,160.03,164.58,164.38,156.66705362568,962425.0,0.0
416,2020-01-06,163.93,167.03,166.92,159.087873167043,1544364.0,0.0
417,2020-01-07,165.88,166.45,165.72,157.944178895533,1131130.0,0.0
418,2020-01-08,165.9,166.9,165.89,158.106202250663,1386757.0,0.0
419,2020-01-09,166.68,169.75,168.69,160.77482221752,1281723.0,0.0
420,2020-01-10,168.83,168.83,167.3,159.450043019687,675427.0,0.0
421,2020-01-13,167.93,171.33,170.87,162.85253347743,1308993.0,0.0
422,2020-01-14,170.4,170.89,168.34,160.441244721663,1020300.0,0.0
423,2020-01-15,168.42,171.87,170.55,162.54754833836,909474.0,0.0
424,2020-01-16,171.61,173.12,172.86,164.749159811017,918112.0,0.0
425,2020-01-17,173.93,176.53,176.12,167.856195915286,1231479.0,0.0
426,2020-01-21,175.24,177.56,176.94,168.637720334151,1383964.0,0.0
427,2020-01-22,178.11,178.45,177.74,169.400183181825,717945.0,0.0
428,2020-01-23,178.2,178.4,177.04,168.73302819011,685538.0,0.0
429,2020-01-24,177.91,179.76,179.66,171.230094016241,669091.0,0.0
430,2020-01-27,176.93,178.34,178.0,169.647983607318,695139.0,0.0
431,2020-01-28,178.69,180.3,179.07,170.667777666081,809754.0,0.0
432,2020-01-29,179.46,180.21,179.42,171.001355161939,447418.0,0.0
433,2020-01-30,177.44,180.23,180.07,171.620856225673,592127.0,0.0
434,2020-01-31,179.23,179.5,177.0,168.694905047727,828808.0,0.0
435,2020-02-03,177.66,178.2,176.03,167.770418844923,718004.0,0.0
436,2020-02-04,177.14,179.54,178.32,169.952968746388,810472.0,0.0
437,2020-02-05,178.85,179.49,176.69,168.399450694253,1216766.0,0.0
438,2020-02-06,176.84,180.13,178.93,170.534346667739,1087065.0,0.0
439,2020-02-07,180.15,185.9,179.46,171.039478304322,1473183.0,0.0
440,2020-02-10,179.01,184.43,184.07,175.43317046404,1107265.0,0.0
441,2020-02-11,185.84,186.97,184.46,175.804871102281,1111419.0,0.0
442,2020-02-12,183.95,185.09,184.67,176.005017599795,1176396.0,0.0
443,2020-02-13,184.0,185.34,184.12,175.480824392019,666656.0,0.0
444,2020-02-14,183.62,184.47,184.41,175.757217174301,882266.0,0.0
445,2020-02-18,184.3,185.57,184.87,176.195633311713,746497.0,0.0
446,2020-02-19,185.32,186.98,186.12,177.386981511203,786944.0,0.0
447,2020-02-20,186.02,187.49,185.6,176.891380660215,902764.0,0.0
448,2020-02-21,185.11,185.82,185.27,176.57686473555,965317.0,0.0
449,2020-02-24,181.87,185.16,181.8,173.269682133767,830278.0,0.0
450,2020-02-25,182.34,183.49,178.11,169.752822248873,1042721.0,0.0
451,2020-02-26,178.87,180.53,177.75,169.40971396742,811614.0,0.0
452,2020-02-27,175.44,176.73,168.81,160.889191644671,1305246.0,0.0
453,2020-02-28,164.89,166.51,165.68,157.906055753149,2873307.0,0.0
454,2020-03-02,166.81,173.55,173.49,165.34959930356,1510221.0,0.0
455,2020-03-03,174.28,178.6,174.99,166.779217142947,1466208.0,0.0
456,2020-03-04,177.28,182.43,182.41,173.851060055118,1120543.0,0.0
457,2020-03-05,178.65,181.28,180.45,171.983026078318,1288676.0,0.0
458,2020-03-06,175.94,176.96,175.92,167.665580203368,1640620.0,0.0
459,2020-03-09,165.28,170.79,165.69,157.915586538745,2003798.0,0.0
460,2020-03-10,169.72,170.78,170.73,162.719102479087,1825012.0,0.0
461,2020-03-11,166.72,167.38,161.21,153.645794591774,1270170.0,0.0
462,2020-03-12,150.49,152.87,141.37,135.346686247614,2452029.0,0.64
463,2020-03-13,149.71,154.99,154.95,148.348086822295,2110953.0,0.0
464,2020-03-16,138.58,150.1,145.24,139.051798193418,2416311.0,0.0
465,2020-03-17,148.39,157.08,149.33,142.967536658104,1939597.0,0.0
466,2020-03-18,142.82,148.99,148.2,141.88568226566,1413443.0,0.0
467,2020-03-19,147.94,154.81,149.72,143.340920032487,1629054.0,0.0
468,2020-03-20,148.65,150.08,136.61,130.789494293602,2639598.0,0.0
469,2020-03-23,135.82,136.45,124.56,119.252905418425,2023096.0,0.0
470,2020-03-24,129.11,136.6,130.81,125.236613341235,1993783.0,0.0
471,2020-03-25,130.47,135.68,133.66,127.965184154036,2293850.0,0.0
472,2020-03-26,135.42,149.69,148.99,142.642022947103,1618668.0,0.0
473,2020-03-27,144.91,145.79,135.07,129.315108661422,1782978.0,0.0
474,2020-03-30,135.94,136.68,133.37,127.687540106418,2067268.0,0.0
475,2020-03-31,133.05,134.93,132.92,127.256713135975,2816950.0,0.0
476,2020-04-01,128.22,129.36,126.09,120.717717117929,2292398.0,0.0
477,2020-04-02,125.6,130.96,130.4,124.844082101499,1239050.0,0.0
478,2020-04-03,129.75,131.59,126.62,121.225135549783,1344722.0,0.0
479,2020-04-06,132.1,141.88,140.9,134.896711411819,1769408.0,0.0
480,2020-04-07,144.97,148.31,142.44,136.371097043999,1483465.0,0.0
481,2020-04-08,144.1,149.52,147.77,141.474003160571,1049941.0,0.0
482,2020-04-09,149.24,153.47,152.89,146.375856690936,1236711.0,0.0
483,2020-04-13,150.3,152.66,146.24,140.009191461067,817802.0,0.0
484,2020-04-14,149.28,153.21,152.79,146.280117364172,821337.0,0.0
485,2020-04-15,149.71,150.64,148.62,142.287787438073,866962.0,0.0
486,2020-04-16,148.87,153.2,152.75,146.241821633466,767287.0,0.0
487,2020-04-17,155.72,157.95,157.77,151.047935837066,941669.0,0.0
488,2020-04-20,156.11,159.15,155.38,148.759765927384,747079.0,0.0
489,2020-04-21,152.21,153.1,144.68,138.515657963534,1410643.0,0.0
490,2020-04-22,148.29,153.0,151.59,145.131245442992,957710.0,0.0
491,2020-04-23,153.11,154.74,153.61,147.065179843644,1204677.0,0.0
492,2020-04-24,154.59,154.75,152.8,146.289691296848,1395811.0,0.0
493,2020-04-27,153.78,155.96,154.44,147.859816255793,558064.0,0.0
494,2020-04-28,155.77,156.23,145.43,139.233702914271,2203279.0,0.0
495,2020-04-29,147.0,150.03,148.92,142.575005418368,1685358.0,0.0
496,2020-04-30,148.36,148.38,143.81,137.682725820679,1258991.0,0.0
497,2020-05-01,141.5,143.14,138.83,132.914907347784,1202544.0,0.0
498,2020-05-04,138.73,141.22,141.16,135.145633661408,1801212.0,0.0
499,2020-05-05,141.91,143.47,140.82,134.820119950407,1013333.0,0.0
500,2020-05-06,141.79,142.0,135.3,129.535309112981,1620055.0,0.0
501,2020-05-07,137.13,138.0,136.21,130.406536986542,2499451.0,0.0
502,2020-05-08,130.49,135.62,131.27,125.677014244354,5281797.0,0.0
503,2020-05-11,130.05,133.13,130.14,124.59515985191,2387977.0,0.0
504,2020-05-12,131.49,133.31,131.23,125.638718513648,1974007.0,0.0
505,2020-05-13,131.14,132.44,128.37,122.90057376817,2539388.0,0.0
506,2020-05-14,127.0,127.69,127.32,121.895310837138,1589666.0,0.0
507,2020-05-15,126.37,129.15,129.07,123.570749055525,1172160.0,0.0
508,2020-05-18,131.98,135.88,135.52,129.745935631864,1684873.0,0.0
509,2020-05-19,136.94,138.98,137.03,131.191599466015,1649757.0,0.0
510,2020-05-20,137.36,139.46,138.59,132.685132963548,1587715.0,0.0
511,2020-05-21,138.88,139.93,137.19,131.344782388839,1199404.0,0.0
512,2020-05-22,137.03,137.29,134.19,128.47260258589,1021419.0,0.0
513,2020-05-26,137.83,139.64,137.39,131.536261042369,1730225.0,0.0
514,2020-05-27,138.21,138.21,134.02,128.30984573039,1890682.0,0.0
515,2020-05-28,135.52,138.49,135.87,130.081023275541,1334333.0,0.0
516,2020-05-29,136.29,136.71,135.33,129.564030911011,2404114.0,0.0
517,2020-06-01,136.2,139.9,138.94,133.020220607226,1260515.0,0.0
518,2020-06-02,139.22,139.95,139.66,133.709543759933,1422456.0,0.0
519,2020-06-03,141.18,148.17,147.87,141.569742487336,2766601.0,0.0
520,2020-06-04,146.65,149.37,149.23,142.871797331339,2194132.0,0.0
521,2020-06-05,151.82,156.06,155.9,149.257610426562,1292666.0,0.0
522,2020-06-08,156.0,159.76,158.32,151.574502134273,1893407.0,0.0
523,2020-06-09,157.01,157.19,151.77,145.303576231169,1223108.0,0.0
524,2020-06-10,151.59,152.05,148.23,141.91440406369,2979900.0,0.0
525,2020-06-11,143.89,144.37,136.08,130.282075861748,2484277.0,0.0
526,2020-06-12,141.08,142.86,140.6,135.222225122819,2441912.0,0.64
527,2020-06-15,137.27,138.95,137.56,132.29850133638,1830160.0,0.0
528,2020-06-16,142.61,144.56,141.92,136.491736766931,1820850.0,0.0
529,2020-06-17,141.81,143.52,140.06,134.702879450228,1042310.0,0.0
530,2020-06-18,138.89,142.12,141.37,135.962773581885,1072938.0,0.0
531,2020-06-19,142.2,142.85,138.88,133.568012980492,2989608.0,0.0
532,2020-06-22,138.87,141.29,141.13,135.731953282955,1767423.0,0.0
533,2020-06-23,142.34,142.75,141.03,135.635778158401,1175817.0,0.0
534,2020-06-24,140.29,141.03,139.3,133.971948503618,1431333.0,0.0
535,2020-06-25,138.12,140.65,140.49,135.11643248581,1508710.0,0.0
536,2020-06-26,140.51,140.93,138.78,133.471837855938,3932879.0,0.0
537,2020-06-29,139.56,139.56,138.14,132.856317058793,819168.0,0.0
538,2020-06-30,138.4,140.92,140.13,134.770202037416,1219336.0,0.0
539,2020-07-01,139.49,139.74,135.97,130.769316855973,1780038.0,0.0
540,2020-07-02,137.66,139.1,135.09,129.922975759898,1444636.0,0.0
541,2020-07-06,136.57,137.21,136.01,130.807786905794,1506706.0,0.0
542,2020-07-07,134.48,134.77,131.08,126.066353265286,1869308.0,0.0
543,2020-07-08,131.06,133.09,132.13,127.076192073102,1498799.0,0.0
544,2020-07-09,131.84,132.74,130.93,125.922090578455,1270064.0,0.0
545,2020-07-10,129.86,130.41,128.42,123.508094952151,1921318.0,0.0
546,2020-07-13,129.66,132.44,131.06,126.047118240375,2373795.0,0.0
547,2020-07-14,130.43,133.19,132.97,127.884063119355,1172025.0,0.0
548,2020-07-15,133.98,136.47,134.56,129.413247599762,910132.0,0.0
549,2020-07-16,133.7,134.87,134.71,129.557510286593,1221402.0,0.0
550,2020-07-17,135.83,138.47,137.68,132.413911485845,1217197.0,0.0
551,2020-07-20,137.19,137.96,135.65,130.4615564574,1771728.0,0.0
552,2020-07-21,136.33,138.47,138.0,132.721671884417,1072650.0,0.0
553,2020-07-22,137.7,141.97,141.2,135.799275870143,1144634.0,0.0
554,2020-07-23,141.37,145.845,144.22,138.703764631672,1640537.0,0.0
555,2020-07-24,144.14,144.23,141.73,136.309004030279,1369992.0,0.0
556,2020-07-27,141.81,143.53,141.96,136.530206816753,1077065.0,0.0
557,2020-07-28,140.68,141.55,136.8,131.56757038977,1517110.0,0.0
558,2020-07-29,138.01,140.55,140.04,134.683644425317,838295.0,0.0
559,2020-07-30,137.41,139.35,139.19,133.866155866609,541189.0,0.0
560,2020-07-31,139.7,139.91,139.8,134.452824126388,703251.0,0.0
561,2020-08-03,140.65,141.25,137.54,132.279266311469,906001.0,0.0
562,2020-08-04,138.36,139.985,137.57,132.308118848836,1211227.0,0.0
563,2020-08-05,138.35,139.53,138.33,133.039049795445,1379918.0,0.0
564,2020-08-06,137.89,144.05,144.03,138.521031895019,1994096.0,0.0
565,2020-08-07,147.71,151.99,144.26,138.742234681493,2828877.0,0.0
566,2020-08-10,144.0,144.5,142.22,136.780262140593,1472131.0,0.0
567,2020-08-11,142.16,143.52,142.87,137.405400450194,1458917.0,0.0
568,2020-08-12,142.47,146.34,145.01,139.463548115648,948006.0,0.0
569,2020-08-13,143.8,146.5,145.96,140.37721179891,716133.0,0.0
570,2020-08-14,144.89,145.6,145.37,139.809778564042,704540.0,0.0
571,2020-08-17,145.77,147.4,147.36,141.723663542665,977248.0,0.0
572,2020-08-18,147.58,149.98,149.8,144.070336581781,1377637.0,0.0
573,2020-08-19,150.0,151.49,150.46,144.705092403837,1288415.0,0.0
574,2020-08-20,148.68,151.72,151.61,145.811106336207,1069761.0,0.0
575,2020-08-21,151.15,152.04,151.92,146.109249222324,794185.0,0.0
576,2020-08-24,151.48,153.99,153.97,148.080839275679,905837.0,0.0
577,2020-08-25,154.44,155.31,154.78,148.859857784566,654288.0,0.0
578,2020-08-26,155.3,155.3,153.33,147.465318478534,835453.0,0.0
579,2020-08-27,154.26,154.35,151.81,146.003456585315,1418650.0,0.0
580,2020-08-28,151.69,153.94,153.58,147.705756289919,759539.0,0.0
581,2020-08-31,153.04,155.25,154.75,148.8310052472,1411664.0,0.0
582,2020-09-01,154.28,154.29,153.77,147.888489026572,964215.0,0.0
583,2020-09-02,154.0,157.965,157.09,151.081503161762,902778.0,0.0
584,2020-09-03,156.51,157.22,153.52,147.648051215187,1015510.0,0.0
585,2020-09-04,154.04,155.46,153.04,147.186410617328,1361567.0,0.0
586,2020-09-08,151.15,154.0,152.49,146.657447432281,1080207.0,0.0
587,2020-09-09,154.08,155.37,153.57,147.696138777464,685489.0,0.0
588,2020-09-10,153.46,154.98,150.34,144.589682254372,941334.0,0.0
589,2020-09-11,152.03,154.3,153.86,147.97504663867,1232948.0,0.0
590,2020-09-14,153.82,157.08,156.0,150.648715101269,1574867.0,0.64
591,2020-09-15,156.81,157.77,156.8,151.421272614609,557560.0,0.0
592,2020-09-16,157.7,158.99,157.09,151.701324713195,896580.0,0.0
593,2020-09-17,154.64,158.45,158.18,152.75393432512,1382529.0,0.0
594,2020-09-18,157.02,158.31,157.31,151.913778029363,1483009.0,0.0
595,2020-09-21,155.04,155.04,152.57,147.336374762825,1382785.0,0.0
596,2020-09-22,153.17,157.385,157.27,151.875150153696,893080.0,0.0
597,2020-09-23,157.14,157.885,152.2,146.979066912905,1065824.0,0.0
598,2020-09-24,151.65,152.87,151.69,146.486561498151,1041416.0,0.0
599,2020-09-25,150.67,154.58,154.0,148.71732131792,623996.0,0.0
600,2020-09-28,155.86,158.39,156.63,151.257104143024,1163312.0,0.0
601,2020-09-29,157.28,158.96,157.65,152.242114972533,696979.0,0.0
602,2020-09-30,157.71,158.04,156.81,151.430929583526,813833.0,0.0
603,2020-10-01,158.0,158.85,156.79,151.411615645692,715497.0,0.0
604,2020-10-02,153.7,157.58,156.91,151.527499272693,592751.0,0.0
605,2020-10-05,158.0,158.65,157.51,152.106917407698,721397.0,0.0
606,2020-10-06,158.27,159.24,156.96,151.575784117277,772306.0,0.0
607,2020-10-07,158.46,160.505,160.31,154.810868704388,833151.0,0.0
608,2020-10-08,161.68,163.71,162.77,157.186483057908,682923.0,0.0
609,2020-10-09,164.39,167.17,166.78,161.058927593524,1274670.0,0.0
610,2020-10-12,167.53,168.84,168.33,162.555757775619,653204.0,0.0
611,2020-10-13,167.86,169.68,166.24,160.537451272019,954269.0,0.0
612,2020-10-14,167.39,168.71,166.92,161.194125158358,436282.0,0.0
613,2020-10-15,165.9,174.94,171.59,165.703929642479,1811157.0,0.0
614,2020-10-16,171.42,172.82,170.91,165.04725575614,1126395.0,0.0
615,2020-10-19,171.45,173.355,170.16,164.322983087384,728450.0,0.0
616,2020-10-20,170.15,171.6,168.9,163.106205003874,893574.0,0.0
617,2020-10-21,170.44,171.81,170.49,164.641663061637,529990.0,0.0
618,2020-10-22,170.88,171.48,169.06,163.260716506542,729432.0,0.0
619,2020-10-23,173.18,176.92,174.78,168.784502726922,1030272.0,0.0
620,2020-10-26,172.48,173.03,172.3,166.389574435568,845351.0,0.0
621,2020-10-27,172.04,175.24,172.36,166.447516249069,854566.0,0.0
622,2020-10-28,169.14,170.415,164.49,158.847481711588,1116934.0,0.0
623,2020-10-29,163.9,165.39,162.89,157.302366684909,1145696.0,0.0
624,2020-10-30,160.5,161.82,158.06,152.638050698119,1093292.0,0.0
625,2020-11-02,160.0,164.77,163.47,157.86247088208,1089812.0,0.0
626,2020-11-03,165.66,169.28,166.0,160.305684018017,968139.0,0.0
627,2020-11-04,166.23,166.38,160.33,154.830182642221,1408216.0,0.0
628,2020-11-05,163.13,165.57,160.85,155.332345025892,1098239.0,0.0
629,2020-11-06,162.27,165.79,164.48,158.837824742671,992465.0,0.0
630,2020-11-09,171.94,175.71,170.26,164.419552776552,1275373.0,0.0
631,2020-11-10,170.07,170.66,166.8,161.078241531357,979853.0,0.0
632,2020-11-11,169.04,170.0,169.73,163.907733423964,533626.0,0.0
633,2020-11-12,168.58,169.73,167.53,161.78320026228,411083.0,0.0
634,2020-11-13,169.32,172.42,170.5,164.651320030554,493109.0,0.0
635,2020-11-16,172.36,173.92,173.9,167.934689462248,575661.0,0.0
636,2020-11-17,172.08,172.93,169.57,163.753221921296,769922.0,0.0
637,2020-11-18,169.95,170.19,167.45,161.705944510946,542824.0,0.0
638,2020-11-19,166.61,169.28,169.16,163.35728619571,400779.0,0.0
639,2020-11-20,169.35,170.58,167.3,161.561089977194,1254899.0,0.0
640,2020-11-23,168.09,169.805,169.38,163.569739511878,659741.0,0.0
641,2020-11-24,170.96,172.575,171.87,165.974324772148,843308.0,0.0
642,2020-11-25,172.0,175.41,172.13,166.225405963984,1198301.0,0.0
643,2020-11-27,173.63,174.73,173.46,167.509782829911,287616.0,0.0
644,2020-11-30,172.6,174.63,171.53,165.645987828979,1513731.0,0.0
645,2020-12-01,172.78,173.435,170.5,164.651320030554,1051628.0,0.0
646,2020-12-02,170.63,171.745,171.06,165.192110289892,721684.0,0.0
647,2020-12-03,170.83,172.55,171.12,165.250052103392,776128.0,0.0
648,2020-12-04,171.59,172.44,170.4,164.554750341386,810342.0,0.0
649,2020-12-07,170.45,171.96,170.46,164.612692154887,457530.0,0.0
650,2020-12-08,169.32,172.86,172.48,166.56339987607,1262478.0,0.0
651,2020-12-09,173.44,175.2,172.9,166.968992570573,566654.0,0.0
652,2020-12-10,173.06,174.29,171.86,165.964667803232,846494.0,0.0
653,2020-12-11,170.54,171.31,168.4,162.623356558037,2205804.0,0.0
654,2020-12-14,168.7,169.81,165.92,160.914073059772,1903524.0,0.71
655,2020-12-15,167.02,168.8739,168.03,162.960412826866,1605289.0,0.0
656,2020-12-16,168.08,168.84,166.92,161.883902333276,1559294.0,0.0
657,2020-12-17,167.63,170.39,169.65,164.531536249942,1322726.0,0.0
658,2020-12-18,169.15,171.025,170.26,165.123132106779,1989545.0,0.0
659,2020-12-21,167.53,168.36,165.22,160.23519256832,954219.0,0.0
660,2020-12-22,165.06,167.875,167.45,162.397911848233,718005.0,0.0
661,2020-12-23,168.05,170.34,168.61,163.522913805498,632986.0,0.0
662,2020-12-24,169.0,169.19,168.47,163.387137707207,239009.0,0.0
663,2020-12-28,169.92,170.44,169.41,164.298777224301,614893.0,0.0
664,2020-12-29,170.54,170.7,166.94,161.903298918746,461893.0,0.0
665,2020-12-30,167.51,168.86,166.98,161.942092089686,561266.0,0.0
666,2020-12-31,166.68,170.17,170.06,164.929166252079,485734.0,0.0
667,2021-01-04,170.64,171.19,167.5,162.446403311909,991078.0,0.0
668,2021-01-05,167.88,168.69,166.61,161.58325525849,779059.0,0.0
669,2021-01-06,166.56,171.55,170.68,165.530460401651,914574.0,0.0
670,2021-01-07,170.91,173.455,171.08,165.918392111053,746474.0,0.0
671,2021-01-08,171.3,174.64,174.55,169.283699690111,830306.0,0.0
672,2021-01-11,173.17,174.74,173.69,168.449646514898,627260.0,0.0
673,2021-01-12,173.63,175.54,174.24,168.983052615325,832930.0,0.0
674,2021-01-13,173.41,174.645,174.09,168.837578224299,448957.0,0.0
675,2021-01-14,173.74,177.0,173.47,168.236284074727,596860.0,0.0
676,2021-01-15,173.53,174.31,173.55,168.313870416607,570341.0,0.0
677,2021-01-19,174.82,174.82,171.77,166.58757430977,1419284.0,0.0
678,2021-01-20,171.7,173.21,172.92,167.7028779743,610632.0,0.0
679,2021-01-21,172.72,173.09,172.29,167.091885531992,680614.0,0.0
680,2021-01-22,172.07,174.11,173.71,168.469043100368,452698.0,0.0
681,2021-01-25,174.7,175.2,173.72,168.478741393103,502954.0,0.0
682,2021-01-26,173.67,174.04,172.54,167.334342850368,460232.0,0.0
683,2021-01-27,171.16,174.92,171.54,166.364513576864,642361.0,0.0
684,2021-01-28,171.65,172.87,169.83,164.706105519173,861342.0,0.0
685,2021-01-29,170.95,173.11,167.55,162.494894775584,995408.0,0.0
686,2021-02-01,168.67,175.677,174.6,169.332191153786,872721.0,0.0
687,2021-02-02,175.36,179.87,178.78,173.386077517033,887775.0,0.0
688,2021-02-03,178.95,180.69,179.42,174.006768252075,646317.0,0.0
689,2021-02-04,179.95,182.83,182.21,176.712591925151,1096673.0,0.0
690,2021-02-05,182.39,183.39,182.09,176.596212412331,1023818.0,0.0
691,2021-02-08,182.6,183.9,182.54,177.032635585408,919493.0,0.0
692,2021-02-09,182.85,183.93,183.12,177.59513656404,701650.0,0.0
693,2021-02-10,184.0,184.4,183.32,177.789102418741,653964.0,0.0
694,2021-02-11,183.97,183.97,181.79,176.30526363028,689994.0,0.0
695,2021-02-12,181.76,182.74,181.07,175.606986553357,721597.0,0.0
696,2021-02-16,182.05,184.4,183.35,177.818197296946,689385.0,0.0
697,2021-02-17,182.44,183.15,181.79,176.30526363028,454317.0,0.0
698,2021-02-18,181.24,183.33,182.96,177.439963880279,589696.0,0.0
699,2021-02-19,183.8,184.88,182.75,177.236299732843,579825.0,0.0
700,2021-02-22,181.49,182.59,180.55,175.102675331135,731458.0,0.0
701,2021-02-23,181.26,181.26,178.55,173.163016784127,577125.0,0.0
702,2021-02-24,178.55,182.48,181.08,175.616684846092,644307.0,0.0
703,2021-02-25,181.0,181.62,180.52,175.07358045293,594675.0,0.0
704,2021-02-26,181.0,181.41,175.48,170.18564091447,956827.0,0.0
705,2021-03-01,176.73,182.92,182.45,176.945350950792,778563.0,0.0
706,2021-03-02,182.12,182.65,179.84,174.414096546947,947144.0,0.0
707,2021-03-03,179.54,180.19,178.33,172.949654343956,581440.0,0.0
708,2021-03-04,178.84,179.12,174.91,169.632838228573,939935.0,0.0
709,2021-03-05,177.09,179.62,178.87,173.473362151648,671340.0,0.0
710,2021-03-08,178.73,182.931,179.21,173.80310410464,565093.0,0.0
711,2021-03-09,179.61,180.43,177.03,171.688876288401,697628.0,0.0
712,2021-03-10,178.72,179.22,177.76,172.396851658059,825770.0,0.0
713,2021-03-11,178.32,180.53,178.53,173.143620198657,532786.0,0.0
714,2021-03-12,178.6,179.14,179.11,174.394699961477,499829.0,0.71
715,2021-03-15,179.84,181.92,181.85,177.062565953853,517021.0,0.0
716,2021-03-16,181.47,182.54,182.48,177.675980397355,483849.0,0.0
717,2021-03-17,183.0,183.25,181.34,176.565992356732,812097.0,0.0
718,2021-03-18,179.25,182.63,181.41,176.634149517121,588193.0,0.0
719,2021-03-19,181.79,184.52,183.22,178.396498950041,1306876.0,0.0
720,2021-03-22,183.22,186.67,185.71,180.820946512455,1012980.0,0.0
721,2021-03-23,185.95,187.4,183.88,179.039123605139,907122.0,0.0
722,2021-03-24,183.21,185.27,181.04,176.273890240778,541920.0,0.0
723,2021-03-25,181.65,184.35,184.09,179.243595086306,656145.0,0.0
724,2021-03-26,185.13,189.73,189.6,184.608537282653,613131.0,0.0
725,2021-03-29,188.03,190.62,188.88,183.907492204365,1577877.0,0.0
726,2021-03-30,188.35,188.945,186.61,181.697252860316,495720.0,0.0
727,2021-03-31,187.4,189.465,188.05,183.099343016893,680858.0,0.0
728,2021-04-01,188.33,189.46,188.36,183.401181870045,581944.0,0.0
729,2021-04-05,189.87,192.84,191.34,186.302729555184,780457.0,0.0
730,2021-04-06,189.8,190.3947,188.7,183.732230934793,634341.0,0.0
731,2021-04-07,189.36,191.72,189.93,184.929849610202,617378.0,0.0
732,2021-04-08,190.23,190.79,190.46,185.44589668172,598507.0,0.0
733,2021-04-09,190.81,191.27,191.06,186.030100913627,604151.0,0.0
734,2021-04-12,189.58,190.67,187.79,182.846187849733,771657.0,0.0
735,2021-04-13,187.18,188.83,188.49,183.527759453625,698872.0,0.0
736,2021-04-14,188.81,188.81,187.35,182.417771413002,693105.0,0.0
737,2021-04-15,187.45,189.65,188.17,183.216183863275,580029.0,0.0
738,2021-04-16,189.5,189.5,188.6,183.634863562808,601851.0,0.0
739,2021-04-19,189.11,189.11,187.66,182.719610266154,572267.0,0.0
740,2021-04-20,186.07,186.82,185.27,180.392530075724,593369.0,0.0
741,2021-04-21,185.8,187.3,186.48,181.570675276736,681845.0,0.0
742,2021-04-22,185.92,188.49,187.43,182.495665310589,513113.0,0.0
743,2021-04-23,188.89,190.84,189.98,184.978533296194,540551.0,0.0
744,2021-04-26,189.94,190.32,190.2,185.19274151456,528219.0,0.0
745,2021-04-27,189.38,190.84,189.75,184.75458834063,645201.0,0.0
746,2021-04-28,189.98,190.9738,188.6,183.634863562808,524908.0,0.0
747,2021-04-29,189.22,190.05,189.23,184.248278006311,453522.0,0.0
748,2021-04-30,188.45,189.16,188.3,183.342761446855,729375.0,0.0
749,2021-05-03,188.78,189.03,188.76,183.790651357983,737123.0,0.0
750,2021-05-04,188.04,188.81,186.56,181.648569174324,580432.0,0.0
751,2021-05-05,187.24,187.55,185.76,180.869630198448,759100.0,0.0
752,2021-05-06,185.43,188.45,188.03,183.079869542496,822523.0,0.0
753,2021-05-07,189.26,199.4,199.07,193.829227409588,1440963.0,0.0
754,2021-05-10,199.94,203.18,200.41,195.13395019418,1063702.0,0.0
755,2021-05-11,198.41,202.05,201.71,196.399726029979,977036.0,0.0
756,2021-05-12,200.08,200.635,194.34,189.22375071472,988406.0,0.0
757,2021-05-13,195.48,198.39,197.54,192.339506618224,842171.0,0.0
758,2021-05-14,199.03,202.94,201.88,196.565250562353,520455.0,0.0
759,2021-05-17,200.6,202.35,200.65,195.367631886943,387647.0,0.0
760,2021-05-18,201.29,201.73,199.19,193.946068255969,403363.0,0.0
761,2021-05-19,196.94,199.025,198.73,193.49817834484,516174.0,0.0
762,2021-05-20,199.63,204.0,203.15,197.801816186556,647981.0,0.0
763,2021-05-21,203.71,204.545,202.12,196.798932255115,600141.0,0.0
764,2021-05-24,203.17,204.42,202.84,197.499977333404,525887.0,0.0
765,2021-05-25,202.98,205.47,203.85,198.483387790448,734045.0,0.0
766,2021-05-26,202.42,204.19,202.66,197.324716063832,521944.0,0.0
767,2021-05-27,202.99,205.03,203.59,198.230232623288,939762.0,0.0
768,2021-05-28,204.6,206.04,205.31,199.904951421422,692182.0,0.0
769,2021-06-01,206.22,206.55,205.14,199.739426889048,548075.0,0.0
770,2021-06-02,208.7,210.66,207.59,202.124927502669,701126.0,0.0
771,2021-06-03,206.88,210.58,209.85,204.325430109519,1264060.0,0.0
772,2021-06-04,210.74,211.705,209.95,204.422797481503,550139.0,0.0
773,2021-06-07,210.06,210.82,207.69,202.222294874653,590982.0,0.0
774,2021-06-08,209.27,211.5,210.41,204.870687392632,709907.0,0.0
775,2021-06-09,210.19,210.81,209.12,203.614648294032,513234.0,0.0
776,2021-06-10,209.4,212.76,212.58,206.983559364696,417238.0,0.0
777,2021-06-11,213.71,213.71,212.31,206.720667460338,469144.0,0.0
778,2021-06-14,211.23,212.3,211.4,206.525932716369,403570.0,0.71
779,2021-06-15,212.0,212.13,210.94,206.076538539219,413711.0,0.0
780,2021-06-16,211.34,211.34,209.7,204.865128148641,806100.0,0.0
781,2021-06-17,209.48,213.65,210.88,206.017921907417,967005.0,0.0
782,2021-06-18,209.92,210.5226,207.03,202.256688033443,1033652.0,0.0
783,2021-06-21,208.53,212.64,211.31,206.438007768666,746265.0,0.0
784,2021-06-22,212.64,214.7895,213.95,209.017139567962,1404437.0,0.0
785,2021-06-23,213.36,214.49,213.32,208.401664934039,602715.0,0.0
786,2021-06-24,215.0,215.11,214.56,209.613075324618,540333.0,0.0
787,2021-06-25,214.61,216.12,215.62,210.64863581979,1103342.0,0.0
788,2021-06-28,216.1,216.18,215.11,210.150394449471,534244.0,0.0
789,2021-06-29,215.27,217.22,217.01,212.006587789874,515762.0,0.0
790,2021-06-30,216.85,217.86,216.85,211.850276771734,573906.0,0.0
791,2021-07-01,217.6,219.44,218.74,213.696700673503,471958.0,0.0
792,2021-07-02,219.6,222.16,221.02,215.924132681986,643128.0,0.0
793,2021-07-06,222.14,223.38,223.01,217.868250970092,755109.0,0.0
794,2021-07-07,223.28,224.78,224.45,219.275050133345,459275.0,0.0
795,2021-07-08,220.53,224.2281,222.31,217.184390265733,702217.0,0.0
796,2021-07-09,223.99,224.81,224.52,219.343436203781,513055.0,0.0
797,2021-07-12,224.59,225.01,223.23,218.083178620034,427386.0,0.0
798,2021-07-13,223.78,224.195,222.2,217.076926440763,393029.0,0.0
799,2021-07-14,223.49,224.64,222.91,217.770556583755,479893.0,0.0
800,2021-07-15,222.58,223.95,222.63,217.497012302012,440773.0,0.0
801,2021-07-16,222.52,223.63,219.99,214.917880502716,583225.0,0.0
802,2021-07-19,217.24,218.6848,216.6,211.606040805892,578619.0,0.0
803,2021-07-20,217.82,219.54,218.58,213.540389655364,727600.0,0.0
804,2021-07-21,219.42,219.68,219.42,214.361022500595,485893.0,0.0
805,2021-07-22,218.66,220.15,220.12,215.044883204954,419364.0,0.0
806,2021-07-23,221.53,222.29,221.7,216.588454509078,453818.0,0.0
807,2021-07-26,221.34,222.83,222.67,217.536090056546,451080.0,0.0
808,2021-07-27,221.4,222.57,221.65,216.539607315909,503292.0,0.0
809,2021-07-28,221.9,222.45,221.48,216.373526859136,551513.0,0.0
810,2021-07-29,223.99,224.8,223.78,218.620497744887,526755.0,0.0
811,2021-07-30,223.26,224.47,223.92,218.757269885759,656131.0,0.0
812,2021-08-02,224.86,226.42,223.93,218.767039324392,569031.0,0.0
813,2021-08-03,224.31,225.3,224.99,219.802599819564,418660.0,0.0
814,2021-08-04,225.0,225.72,222.77,217.633784442883,680476.0,0.0
815,2021-08-05,222.97,223.8234,222.27,217.145312511199,608104.0,0.0
816,2021-08-06,225.27,231.8898,228.52,223.25121165726,1252466.0,0.0
817,2021-08-09,228.52,231.21,228.17,222.90928130508,719555.0,0.0
818,2021-08-10,228.27,230.43,229.72,224.423544293303,605810.0,0.0
819,2021-08-11,230.67,230.67,227.15,221.912798564443,557017.0,0.0
820,2021-08-12,227.2,230.57,230.54,225.224638261267,852345.0,0.0
821,2021-08-13,231.38,233.11,233.03,227.657228481057,616474.0,0.0
822,2021-08-16,232.55,235.03,234.9,229.484113505559,578933.0,0.0
823,2021-08-17,233.9,234.85,234.41,229.005411012508,578443.0,0.0
824,2021-08-18,234.06,235.66,233.91,228.516939080823,649689.0,0.0
825,2021-08-19,231.83,238.965,237.41,231.936242602617,874178.0,0.0
826,2021-08-20,237.26,240.02,240.0,234.466527208745,1209014.0,0.0
827,2021-08-23,240.71,241.185,239.03,233.518891661276,698349.0,0.0
828,2021-08-24,239.0,240.265,239.12,233.606816608979,584961.0,0.0
829,2021-08-25,239.9,242.585,241.33,235.765862547026,874162.0,0.0
830,2021-08-26,241.73,243.5,243.05,237.446205992022,481531.0,0.0
831,2021-08-27,244.07,244.55,242.81,237.211739464814,748733.0,0.0
832,2021-08-30,243.01,244.785,244.56,238.921391225711,381994.0,0.0
833,2021-08-31,244.9,244.9,244.22,238.589230312165,1071694.0,0.0
834,2021-09-01,244.21,244.22,243.46,237.846752976004,620182.0,0.0
835,2021-09-02,244.43,246.12,246.03,240.357498704864,553028.0,0.0
836,2021-09-03,245.51,246.42,244.85,239.204704946088,558330.0,0.0
837,2021-09-07,244.13,245.735,244.87,239.224243823355,661821.0,0.0
838,2021-09-08,245.05,246.84,246.44,240.758045688846,403519.0,0.0
839,2021-09-09,246.75,246.965,244.0,238.374302662224,967278.0,0.0
840,2021-09-10,245.52,245.52,242.68,237.084736762576,623601.0,0.0
841,2021-09-13,244.0,244.54,241.75,236.176178969642,845107.0,0.0
842,2021-09-14,242.04,242.13,240.81,235.951481881067,803202.0,0.71
843,2021-09-15,240.84,244.7,243.97,239.047726566687,1120558.0,0.0
844,2021-09-16,244.82,244.975,242.32,237.431016525145,458170.0,0.0
845,2021-09-17,240.68,242.41,237.42,232.629877613898,1458697.0,0.0
846,2021-09-20,234.51,235.97,234.25,229.523834685602,671694.0,0.0
847,2021-09-21,235.82,236.7,235.53,230.778009748132,734398.0,0.0
848,2021-09-22,237.45,241.11,239.15,234.324973596849,897423.0,0.0
849,2021-09-23,240.09,243.07,240.21,235.363587320506,445231.0,0.0
850,2021-09-24,239.63,241.87,240.77,235.912288910363,636418.0,0.0
851,2021-09-27,240.74,240.94,238.86,234.040824559244,469486.0,0.0
852,2021-09-28,237.48,237.48,233.67,228.955536610393,716637.0,0.0
853,2021-09-29,234.4,237.15,235.66,230.90538690292,589175.0,0.0
854,2021-09-30,236.72,238.15,232.32,227.632773849132,632696.0,0.0
855,2021-10-01,233.75,235.69,234.31,229.582624141658,563416.0,0.0
856,2021-10-04,232.89,233.96,231.47,226.799923221671,588111.0,0.0
857,2021-10-05,232.33,234.73,232.27,227.583782635752,646344.0,0.0
858,2021-10-06,230.93,233.84,233.76,229.043720794478,769042.0,0.0
859,2021-10-07,235.33,239.21,236.85,232.071377781366,565211.0,0.0
860,2021-10-08,237.5,237.97,236.76,231.983193597281,407148.0,0.0
861,2021-10-11,236.4,237.55,235.66,230.90538690292,347999.0,0.0
862,2021-10-12,236.18,239.95,239.32,234.491543722341,602433.0,0.0
863,2021-10-13,239.92,241.42,241.3,236.431595772191,671576.0,0.0
864,2021-10-14,243.6,246.325,245.11,240.164726231752,663693.0,0.0
865,2021-10-15,246.91,248.4,239.83,234.991254098817,882395.0,0.0
866,2021-10-18,239.0,243.24,243.07,238.165884725846,675124.0,0.0
867,2021-10-19,243.94,246.42,245.13,240.184322717104,444517.0,0.0
868,2021-10-20,246.0,247.08,246.43,241.458094264986,439493.0,0.0
869,2021-10-21,247.39,249.745,248.3,243.2903656454,472149.0,0.0
870,2021-10-22,248.69,250.3585,249.53,244.49554949455,285543.0,0.0
871,2021-10-25,249.0,249.61,245.91,240.948585645833,531821.0,0.0
872,2021-10-26,246.98,248.56,245.8,240.840804976397,387371.0,0.0
873,2021-10-27,246.86,251.451,250.05,245.005058113703,820642.0,0.0
874,2021-10-28,246.6,249.74,248.13,243.123795519908,645945.0,0.0
875,2021-10-29,247.09,249.51,248.59,243.574514683005,830063.0,0.0
876,2021-11-01,248.17,248.17,245.03,240.086340290344,485027.0,0.0
877,2021-11-02,246.01,252.08,251.51,246.4356015444,917168.0,0.0
878,2021-11-03,251.62,253.03,252.67,247.572197694818,505782.0,0.0
879,2021-11-04,252.46,254.7,251.41,246.33761911764,595158.0,0.0
880,2021-11-05,252.21,253.01,247.44,242.447716775263,932276.0,0.0
881,2021-11-08,249.47,250.19,249.28,244.25059342765,657245.0,0.0
882,2021-11-09,250.49,253.19,249.43,244.39756706779,743945.0,0.0
883,2021-11-10,248.45,251.78,247.05,242.065585310899,459852.0,0.0
884,2021-11-11,249.06,249.93,247.84,242.839646482304,427355.0,0.0
885,2021-11-12,248.62,252.55,251.44,246.367013845668,835365.0,0.0
886,2021-11-15,251.15,252.765,251.25,246.180847234824,475234.0,0.0
887,2021-11-16,251.46,254.67,254.05,248.924355184108,502535.0,0.0
888,2021-11-17,255.0,255.0,252.04,246.954908406229,559537.0,0.0
889,2021-11-18,252.43,257.29,257.25,252.059792840432,782347.0,0.0
890,2021-11-19,258.3,258.78,253.11,248.003320372563,639084.0,0.0
891,2021-11-22,253.81,258.4486,255.62,250.462679284242,789710.0,0.0
892,2021-11-23,255.98,259.215,257.11,251.922617442968,578733.0,0.0
893,2021-11-24,256.17,261.85,261.29,256.018282881541,996807.0,0.0
894,2021-11-26,257.97,260.97,253.58,248.463837778335,549172.0,0.0
895,2021-11-29,256.63,262.42,259.5,254.264397442535,879243.0,0.0
896,2021-11-30,258.22,258.94,253.18,248.071908071295,1747292.0,0.0
897,2021-12-01,256.57,258.18,245.95,240.987778616537,1065893.0,0.0
898,2021-12-02,246.06,254.66,252.52,247.425224054678,878550.0,0.0
899,2021-12-03,253.11,256.0,248.0,242.99641836512,775472.0,0.0
900,2021-12-06,250.53,255.23,250.61,245.553759703559,1063531.0,0.0
901,2021-12-07,253.57,256.055,254.97,249.825793510301,635553.0,0.0
902,2021-12-08,255.5,256.0,253.69,248.571618447771,586469.0,0.0
903,2021-12-09,254.1,260.975,259.18,253.950853676902,787619.0,0.0
904,2021-12-10,260.22,265.47,264.92,259.575044972934,719968.0,0.0
905,2021-12-13,264.97,265.63,263.29,257.977931416744,476105.0,0.0
906,2021-12-14,261.29,262.84,259.53,255.067853341968,617927.0,0.79
907,2021-12-15,260.22,262.9,262.63,258.114554476172,632026.0,0.0
908,2021-12-16,263.33,266.86,261.76,257.25951254496,806933.0,0.0
909,2021-12-17,259.23,261.7,259.12,254.664902546799,1117790.0,0.0
910,2021-12-20,256.27,258.06,255.9,251.500264594496,707802.0,0.0
911,2021-12-21,257.95,261.79,261.61,257.112091522337,789831.0,0.0
912,2021-12-22,261.88,265.1677,264.59,260.040855838444,472085.0,0.0
913,2021-12-23,264.78,266.35,262.9,258.379912316893,565891.0,0.0
914,2021-12-27,263.88,269.05,268.92,264.296409358155,472463.0,0.0
915,2021-12-28,268.41,270.06,269.81,265.171107425717,498699.0,0.0
916,2021-12-29,271.82,273.505,272.73,268.040903332774,791929.0,0.0
917,2021-12-30,273.16,273.6496,271.09,266.429100152098,323291.0,0.0
918,2021-12-31,270.97,273.13,271.7,267.028612310764,303464.0,0.0
919,2022-01-03,271.3,271.38,267.43,262.832027200102,675153.0,0.0
920,2022-01-04,267.0,267.6,264.8,260.247245270116,588677.0,0.0
921,2022-01-05,263.55,265.22,259.11,254.655074478624,521834.0,0.0
922,2022-01-06,258.82,261.35,257.69,253.259488797795,627338.0,0.0
923,2022-01-07,257.78,258.97,252.55,248.20786175592,586046.0,0.0
924,2022-01-10,251.83,256.1,256.03,251.628029480769,573806.0,0.0
925,2022-01-11,255.76,256.8,256.05,251.647685617119,492733.0,0.0
926,2022-01-12,256.68,258.4491,256.85,252.433931071107,581607.0,0.0
927,2022-01-13,256.52,258.39,250.9,246.586230507069,1011987.0,0.0
928,2022-01-14,249.2,251.79,251.13,246.812276075091,871494.0,0.0
929,2022-01-18,248.69,248.85,245.49,241.269245624474,1070325.0,0.0
930,2022-01-19,245.62,247.9954,244.25,240.050565170792,861742.0,0.0
931,2022-01-20,244.78,246.34,238.85,234.743408356371,624038.0,0.0
932,2022-01-21,239.82,242.67,237.19,233.111949039346,756561.0,0.0
933,2022-01-24,234.88,239.87,239.51,235.392060855912,1247398.0,0.0
934,2022-01-25,236.59,238.805,234.04,230.016107564267,1009017.0,0.0
935,2022-01-26,235.44,235.8176,227.55,223.637691318787,2121325.0,0.0
936,2022-01-27,229.65,231.98,223.09,219.254372912802,1508138.0,0.0
937,2022-01-28,224.16,227.31,227.12,223.215084387268,1032088.0,0.0
938,2022-01-31,226.92,232.34,231.94,227.952213247548,882751.0,0.0
939,2022-02-01,231.79,232.63,231.8,227.8146202931,864173.0,0.0
940,2022-02-02,232.52,238.09,237.66,233.573868243564,1022220.0,0.0
941,2022-02-03,235.18,238.17,235.61,231.559114267719,725145.0,0.0
942,2022-02-04,234.53,238.735,235.57,231.519801995019,904460.0,0.0
943,2022-02-07,235.23,238.57,236.61,232.541921085204,684677.0,0.0
944,2022-02-08,236.0,237.675,236.39,232.325703585357,566511.0,0.0
945,2022-02-09,237.76,240.68,238.5,234.399425970251,995687.0,0.0
946,2022-02-10,229.66,231.68,221.86,218.045520527295,1837229.0,0.0
947,2022-02-11,221.28,224.2,216.0,212.286272576831,1839738.0,0.0
948,2022-02-14,216.0,218.29,213.81,210.133925646539,1652068.0,0.0
949,2022-02-15,217.1,223.39,222.89,219.057811549305,2002736.0,0.0
950,2022-02-16,220.76,222.12,221.0,217.200306664258,1408043.0,0.0
951,2022-02-17,220.0,220.54,215.91,212.197819963258,1036975.0,0.0
952,2022-02-18,216.18,219.625,217.81,214.06515291648,1096635.0,0.0
953,2022-02-22,216.21,218.66,213.08,209.416476669774,957422.0,0.0
954,2022-02-23,213.57,215.48,207.64,204.070007582654,906147.0,0.0
955,2022-02-24,202.56,218.24,217.3,213.563921439562,1539956.0,0.0
956,2022-02-25,217.44,223.3,222.6,218.772797572235,1035107.0,0.0
957,2022-02-28,219.32,220.9091,220.43,216.640106778291,948827.0,0.0
958,2022-03-01,219.29,220.655,216.21,212.492662008503,1322994.0,0.0
959,2022-03-02,216.7,224.01,222.69,218.861250185808,1346377.0,0.0
960,2022-03-03,223.65,224.37,221.57,217.760506550225,792026.0,0.0
961,2022-03-04,219.36,223.28,222.96,219.126608026529,1072765.0,0.0
962,2022-03-07,222.43,223.0,216.51,212.787504053749,1061620.0,0.0
963,2022-03-08,216.02,219.7,214.13,210.448423828134,877879.0,0.0
964,2022-03-09,218.25,223.255,221.7,217.888271436498,813472.0,0.0
965,2022-03-10,218.69,224.39,222.3,218.477955526989,785409.0,0.0
966,2022-03-11,224.51,226.63,221.77,217.957067913722,932990.0,0.0
967,2022-03-14,221.79,224.38,218.75,215.765408710729,843122.0,0.79
968,2022-03-15,220.8,225.33,224.73,221.663818512285,1071001.0,0.0
969,2022-03-16,226.63,229.16,226.84,223.745029997449,739453.0,0.0
970,2022-03-17,226.85,231.03,230.78,227.631273244627,935577.0,0.0
971,2022-03-18,233.6,234.83,233.09,229.909755960612,2125234.0,0.0
972,2022-03-21,232.65,234.37,232.07,228.903672683424,1259552.0,0.0
973,2022-03-22,233.09,234.96,232.09,228.923399806506,1151442.0,0.0
974,2022-03-23,229.98,230.22,226.78,223.685848628202,628853.0,0.0
975,2022-03-24,227.72,231.07,231.04,227.887725844695,678815.0,0.0
976,2022-03-25,232.0,233.175,232.4,229.229170214279,479887.0,0.0
977,2022-03-28,232.57,235.17,235.12,231.912058953448,625371.0,0.0
978,2022-03-29,236.99,238.5,238.03,234.782355361897,522396.0,0.0
979,2022-03-30,237.42,240.91,240.78,237.494834785689,687407.0,0.0
980,2022-03-31,240.61,245.95,242.2,238.89546052452,1341413.0,0.0
981,2022-04-01,243.66,244.66,238.14,234.890854538849,771644.0,0.0
982,2022-04-04,238.0,240.12,239.89,236.616977808534,528411.0,0.0
983,2022-04-05,238.44,241.25,237.47,234.229995915597,668367.0,0.0
984,2022-04-06,234.78,240.33,239.08,235.818029323708,752058.0,0.0
985,2022-04-07,238.92,242.78,241.29,237.997876424283,619561.0,0.0
986,2022-04-08,241.47,241.91,239.46,236.192844662269,526542.0,0.0
987,2022-04-11,237.78,237.93,233.35,230.16620856068,546678.0,0.0
988,2022-04-12,233.83,236.86,232.37,229.199579529656,538056.0,0.0
989,2022-04-13,232.74,236.45,236.25,233.026641407588,737148.0,0.0
990,2022-04-14,236.53,237.51,233.19,230.008391576023,575422.0,0.0
991,2022-04-18,231.53,233.94,229.97,226.832324759801,460644.0,0.0
992,2022-04-19,229.97,234.765,234.22,231.024338414752,424569.0,0.0
993,2022-04-20,236.41,239.045,236.98,233.746681400085,504491.0,0.0
994,2022-04-21,237.85,239.38,232.93,229.751938975955,628252.0,0.0
995,2022-04-22,232.13,233.25,224.93,221.861089743106,729666.0,0.0
996,2022-04-25,224.21,225.11,225.05,221.979452481598,768857.0,0.0
997,2022-04-26,225.16,225.98,219.33,216.337495280111,838973.0,0.0
998,2022-04-27,219.8,220.53,216.14,213.191019148512,1386349.0,0.0
999,2022-04-28,218.01,224.25,223.16,220.115239350338,729530.0,0.0
1000,2022-04-29,221.41,222.44,213.69,210.774446570952,1105883.0,0.0
1001,2022-05-02,215.09,217.3,214.77,211.839711217387,825621.0,0.0
1002,2022-05-03,214.82,217.73,215.19,212.253980802111,626977.0,0.0
1003,2022-05-04,215.41,219.84,219.38,216.386813087816,605107.0,0.0
1004,2022-05-05,216.68,217.06,210.39,207.519471262402,1156775.0,0.0
1005,2022-05-06,207.9,209.69,206.51,203.69240938447,1226315.0,0.0
1006,2022-05-09,203.86,205.33,202.08,199.322851621779,1181131.0,0.0
1007,2022-05-10,204.51,205.63,202.85,200.082345860441,943730.0,0.0
1008,2022-05-11,201.88,206.61,201.95,199.194625321745,1059853.0,0.0
1009,2022-05-12,201.05,204.4,201.54,198.790219298562,1588423.0,0.0
1010,2022-05-13,207.06,216.64,215.29,212.352616417522,1959558.0,0.0
1011,2022-05-16,212.89,214.79,209.5,206.641614285247,1156958.0,0.0
1012,2022-05-17,213.62,213.62,213.39,210.47853972472,941740.0,0.0
1013,2022-05-18,211.05,211.415,205.47,202.666598984199,1128275.0,0.0
1014,2022-05-19,205.07,213.59,210.26,207.391244962368,1548460.0,0.0
1015,2022-05-20,212.23,212.91,210.28,207.41097208545,1893420.0,0.0
1016,2022-05-23,214.25,214.99,212.79,209.886726032257,1024023.0,0.0
1017,2022-05-24,211.02,215.77,214.65,211.721348478894,1006890.0,0.0
1018,2022-05-25,214.7,216.311,213.44,210.527857532426,1363098.0,0.0
1019,2022-05-26,215.49,219.2,217.88,214.907278856657,825910.0,0.0
1020,2022-05-27,220.0,223.02,223.01,219.967285927222,527649.0,0.0
1021,2022-05-31,220.21,221.595,219.74,216.741901303295,1257375.0,0.0
1022,2022-06-01,221.19,222.52,217.62,214.650826256589,511109.0,0.0
1023,2022-06-02,217.11,224.37,224.11,221.052277696739,630798.0,0.0
1024,2022-06-03,222.16,226.89,225.55,222.472630558652,1030719.0,0.0
1025,2022-06-06,227.14,227.9,221.25,218.231299095995,574161.0,0.0
1026,2022-06-07,219.14,222.075,221.97,218.941475526951,506030.0,0.0
1027,2022-06-08,220.43,220.93,217.86,214.887551733575,415634.0,0.0
1028,2022-06-09,217.57,218.87,214.25,211.326806017252,508480.0,0.0
1029,2022-06-10,210.73,211.69,209.25,206.395025246721,574185.0,0.0
1030,2022-06-13,204.46,205.525,202.61,199.845620383456,902201.0,0.0
1031,2022-06-14,202.78,205.55,203.31,201.315291053074,893479.0,0.79
1032,2022-06-15,205.46,206.52,203.11,201.117253287048,694530.0,0.0
1033,2022-06-16,198.88,199.71,197.0,195.067199534974,847050.0,0.0
1034,2022-06-17,197.74,204.67,202.84,200.849902302914,1955554.0,0.0
1035,2022-06-21,204.48,206.7482,205.18,203.166944165411,1127859.0,0.0
1036,2022-06-22,205.59,211.95,209.81,207.751518448898,942259.0,0.0
1037,2022-06-23,210.52,212.81,211.08,209.009058263159,630151.0,0.0
1038,2022-06-24,212.91,217.51,217.33,215.197738451451,963930.0,0.0
1039,2022-06-27,217.18,218.45,217.12,214.989798797124,598799.0,0.0
1040,2022-06-28,217.41,218.575,210.24,208.177299645852,472626.0,0.0
1041,2022-06-29,209.88,210.05,209.73,207.672303342488,485106.0,0.0
1042,2022-06-30,207.31,211.06,209.6,207.543578794571,753612.0,0.0
1043,2022-07-01,208.61,210.47,210.08,208.018869433032,503103.0,0.0
1044,2022-07-05,206.55,212.23,212.23,210.147775417805,738445.0,0.0
1045,2022-07-06,213.37,217.485,216.92,214.791761031099,767582.0,0.0
1046,2022-07-07,216.94,220.63,219.41,217.257331218115,716196.0,0.0
1047,2022-07-08,217.48,217.97,214.65,212.544032386711,586344.0,0.0
1048,2022-07-11,213.28,216.68,213.45,211.355805790559,646445.0,0.0
1049,2022-07-12,213.49,215.43,208.17,206.12760876749,726310.0,0.0
1050,2022-07-13,204.82,212.65,211.03,208.959548821652,567186.0,0.0
1051,2022-07-14,207.31,210.485,209.77,207.711910895693,428181.0,0.0
1052,2022-07-15,212.69,215.09,215.02,212.910402253858,502627.0,0.0
1053,2022-07-18,215.23,215.23,211.89,209.811111215561,438048.0,0.0
1054,2022-07-19,214.55,218.63,218.28,216.138417840072,549788.0,0.0
1055,2022-07-20,218.11,219.18,217.03,214.900681802413,629640.0,0.0
1056,2022-07-21,216.94,222.26,222.22,220.039761830771,489087.0,0.0
1057,2022-07-22,222.5,222.91,221.16,218.990161670837,387034.0,0.0
1058,2022-07-25,221.17,223.81,223.51,221.317105421635,587822.0,0.0
1059,2022-07-26,222.52,224.45,224.27,222.069648932531,552718.0,0.0
1060,2022-07-27,224.9,230.5,230.25,227.990978136689,601396.0,0.0
1061,2022-07-28,231.49,237.28,236.32,234.001424335558,948299.0,0.0
1062,2022-07-29,237.37,239.61,238.59,236.249152979946,810727.0,0.0
1063,2022-08-01,236.8,239.0,236.63,234.308382872898,890628.0,0.0
1064,2022-08-02,237.56,238.99,237.46,235.130239601903,646613.0,0.0
1065,2022-08-03,237.85,240.03,238.45,236.110526543728,618577.0,0.0
1066,2022-08-04,238.38,240.57,239.69,237.338360693086,944451.0,0.0
1067,2022-08-05,243.0,251.46,250.21,247.755147186019,1706631.0,0.0
1068,2022-08-08,249.05,249.96,248.15,245.715358195958,1019995.0,0.0
1069,2022-08-09,247.47,251.05,249.25,246.804565909098,882561.0,0.0
1070,2022-08-10,252.81,254.94,253.0,250.517774022073,759921.0,0.0
1071,2022-08-11,253.17,254.365,252.28,249.804838064382,812159.0,0.0
1072,2022-08-12,253.79,255.98,255.97,253.45863484755,897399.0,0.0
1073,2022-08-15,254.9,256.69,255.37,252.864521549473,470742.0,0.0
1074,2022-08-16,254.88,257.8,256.59,254.072551922228,397967.0,0.0
1075,2022-08-17,253.99,256.285,255.42,252.91403099098,457152.0,0.0
1076,2022-08-18,256.25,258.49,256.24,253.725985831684,485923.0,0.0
1077,2022-08-19,255.86,255.86,253.25,250.765321229605,612462.0,0.0
1078,2022-08-22,249.78,250.815,248.66,246.220354499323,444930.0,0.0
1079,2022-08-23,246.62,248.64,246.17,243.754784312307,369094.0,0.0
1080,2022-08-24,247.0,249.97,248.63,246.190648834419,706512.0,0.0
1081,2022-08-25,249.45,254.52,254.38,251.884234607648,699072.0,0.0
1082,2022-08-26,254.36,255.35,248.32,245.88369029708,802449.0,0.0
1083,2022-08-29,245.6,249.18,247.07,244.645954259421,456776.0,0.0
1084,2022-08-30,248.55,248.905,245.13,242.724987928975,514944.0,0.0
1085,2022-08-31,246.88,246.88,243.41,241.021863141157,789869.0,0.0
1086,2022-09-01,243.19,244.25,244.17,241.774406652054,664327.0,0.0
1087,2022-09-02,246.25,248.25,243.77,241.378331120003,594014.0,0.0
1088,2022-09-06,243.78,244.56,243.57,241.180293353978,799169.0,0.0
1089,2022-09-07,244.19,250.46,249.55,247.101622558136,573451.0,0.0
1090,2022-09-08,248.49,250.65,250.36,247.903675510538,516940.0,0.0
1091,2022-09-09,251.07,251.44,250.22,247.765049074321,640814.0,0.0
1092,2022-09-12,252.0,253.68,253.51,251.022770325438,724206.0,0.0
1093,2022-09-13,249.34,250.85,246.08,243.665667317596,735995.0,0.0
1094,2022-09-14,243.53,245.67,242.31,240.714904603818,993548.0,0.79
1095,2022-09-15,241.57,241.59,238.16,236.592223517169,898910.0,0.0
1096,2022-09-16,237.3,239.54,239.2,237.625377331655,1250512.0,0.0
1097,2022-09-19,236.84,240.905,240.57,238.986358798813,697819.0,0.0
1098,2022-09-20,239.93,240.32,239.51,237.933336641742,570174.0,0.0
1099,2022-09-21,240.12,243.84,237.86,236.294198378375,656350.0,0.0
1100,2022-09-22,236.38,237.07,232.02,230.492642343188,730374.0,0.0
1101,2022-09-23,229.81,230.3,228.76,227.254102501628,692215.0,0.0
1102,2022-09-26,229.23,230.04,225.81,224.323521970155,665164.0,0.0
1103,2022-09-27,228.22,228.99,225.66,224.174509400758,674067.0,0.0
1104,2022-09-28,228.2,230.51,229.62,228.108441232837,712596.0,0.0
1105,2022-09-29,227.96,228.05,225.3,223.816879234205,656836.0,0.0
1106,2022-09-30,225.9,228.62,223.97,222.495634452219,1074857.0,0.0
1107,2022-10-03,227.37,230.52,228.97,227.462720098783,877496.0,0.0
1108,2022-10-04,232.69,236.27,235.42,233.870260582852,607268.0,0.0
1109,2022-10-05,232.74,238.19,236.86,235.300781249062,476130.0,0.0
1110,2022-10-06,236.67,238.14,234.2,232.65829168509,459431.0,0.0
1111,2022-10-07,232.13,232.13,229.85,228.336927172579,554070.0,0.0
1112,2022-10-10,230.73,230.73,227.02,225.525556696623,402775.0,0.0
1113,2022-10-11,225.97,226.91,224.25,222.773791248426,666176.0,0.0
1114,2022-10-12,225.45,226.275,223.33,221.859847489458,709085.0,0.0
1115,2022-10-13,219.9,225.92,225.37,223.886418433257,783329.0,0.0
1116,2022-10-14,225.89,225.89,213.28,211.876005339863,1105883.0,0.0
1117,2022-10-17,217.31,222.2,220.74,219.286897124538,832673.0,0.0
1118,2022-10-18,225.47,227.5,225.3,223.816879234205,564548.0,0.0
1119,2022-10-19,223.82,225.295,223.85,222.376424396701,471898.0,0.0
1120,2022-10-20,223.07,224.46,221.17,219.714066490142,653819.0,0.0
1121,2022-10-21,221.32,227.08,226.38,224.889769733863,728802.0,0.0
1122,2022-10-24,228.67,235.67,235.05,233.502696245006,735280.0,0.0
1123,2022-10-25,234.9,240.3,239.68,238.102217553725,683591.0,0.0
1124,2022-10-26,240.04,241.39,240.3,238.718136173899,794650.0,0.0
1125,2022-10-27,242.44,244.58,242.18,240.585760377007,854469.0,0.0
1126,2022-10-28,243.63,250.45,250.12,248.473492383752,990804.0,0.0
1127,2022-10-31,248.87,251.87,249.71,248.066191360734,1125004.0,0.0
1128,2022-11-01,250.76,250.98,242.89,241.291086538819,968667.0,0.0
1129,2022-11-02,242.46,247.27,239.9,238.320769322174,677496.0,0.0
1130,2022-11-03,237.81,239.56,238.18,236.612091859756,920074.0,0.0
1131,2022-11-04,251.94,258.5282,254.87,253.192223747988,1865053.0,0.0
1132,2022-11-07,255.66,257.54,255.53,253.847879053335,818278.0,0.0
1133,2022-11-08,255.87,260.45,256.8,255.109518807562,775981.0,0.0
1134,2022-11-09,255.86,255.98,253.62,251.950452336347,765907.0,0.0
1135,2022-11-10,260.06,261.45,259.61,257.901020940932,907116.0,0.0
1136,2022-11-11,260.0,260.02,249.53,247.887376277457,2209513.0,0.0
1137,2022-11-14,250.12,255.6,250.95,249.298028601082,686193.0,0.0
1138,2022-11-15,253.13,253.3,250.41,248.761583351253,704383.0,0.0
1139,2022-11-16,251.1,256.44,255.76,254.076364993077,599831.0,0.0
1140,2022-11-17,254.63,256.82,255.51,253.828010710749,553089.0,0.0
1141,2022-11-18,258.12,263.99,262.94,261.209099981544,931682.0,0.0
1142,2022-11-21,262.64,265.34,262.38,260.652786389129,515303.0,0.0
1143,2022-11-22,263.86,265.55,265.06,263.315144295687,620083.0,0.0
1144,2022-11-23,265.48,267.44,266.0,264.248956397241,447101.0,0.0
1145,2022-11-25,267.29,268.9094,268.43,266.662960021472,212115.0,0.0
1146,2022-11-28,266.9,268.53,265.98,264.229088054655,897721.0,0.0
1147,2022-11-29,264.83,266.36,264.46,262.7190940181,706116.0,0.0
1148,2022-11-30,263.68,272.58,272.2,270.408142598982,1349525.0,0.0
1149,2022-12-01,273.41,275.16,271.78,269.99090740467,747982.0,0.0
1150,2022-12-02,268.76,274.11,272.7,270.904851163638,602546.0,0.0
1151,2022-12-05,269.78,272.25,268.23,266.464276595609,527412.0,0.0
1152,2022-12-06,268.85,269.99,266.17,264.417837309225,673416.0,0.0
1153,2022-12-07,266.27,269.3,266.79,265.033755929399,614524.0,0.0
1154,2022-12-08,268.76,270.095,269.79,268.014007317338,450400.0,0.0
1155,2022-12-09,269.5,271.27,265.57,263.821787031637,465382.0,0.0
1156,2022-12-12,267.26,271.0,270.84,269.057095303116,441050.0,0.0
1157,2022-12-13,275.0,275.0,267.15,265.391386095951,927098.0,0.0
1158,2022-12-14,267.21,273.07,265.83,264.954282559054,970660.0,0.88
1159,2022-12-15,263.23,263.635,257.14,256.292909819189,700243.0,0.0
1160,2022-12-16,253.77,255.07,252.44,251.608392917306,1191041.0,0.0
1161,2022-12-19,253.24,255.96,254.59,253.751310223487,644860.0,0.0
1162,2022-12-20,255.42,256.75,255.82,254.977258263767,419197.0,0.0
1163,2022-12-21,256.92,260.03,257.5,256.651723879759,432741.0,0.0
1164,2022-12-22,256.33,256.33,255.42,254.578575974245,610736.0,0.0
1165,2022-12-23,255.48,256.955,256.63,255.784589900049,230629.0,0.0
1166,2022-12-27,257.56,257.56,256.63,255.784589900049,271105.0,0.0
1167,2022-12-28,256.11,257.3,253.8,252.963912701681,290468.0,0.0
1168,2022-12-29,255.98,259.735,258.81,257.957408377943,322090.0,0.0
1169,2022-12-30,257.73,257.8199,257.71,256.861032081758,360900.0,0.0
1170,2023-01-03,258.29,259.6,257.4,256.552053307378,531518.0,0.0
1171,2023-01-04,259.4,260.67,258.02,257.170010856137,646541.0,0.0
1172,2023-01-05,256.94,257.46,255.12,254.279564257103,497957.0,0.0
1173,2023-01-06,258.86,265.09,263.84,262.970838168682,359308.0,0.0
1174,2023-01-09,264.45,268.13,260.61,259.751478680792,492067.0,0.0
1175,2023-01-10,260.96,262.396,262.35,261.485746640213,411569.0,0.0
1176,2023-01-11,258.3,264.5,264.34,263.469191030584,830361.0,0.0
1177,2023-01-12,265.78,266.62,264.71,263.837972148392,884658.0,0.0
1178,2023-01-13,260.79,266.56,266.01,265.133689589339,556296.0,0.0
1179,2023-01-17,265.95,267.56,263.29,262.422650020589,749495.0,0.0
1180,2023-01-18,263.87,264.425,256.86,256.013832216524,533430.0,0.0
1181,2023-01-19,255.46,256.755,252.53,251.698096432449,829241.0,0.0
1182,2023-01-20,252.65,255.46,255.31,254.468938344626,488307.0,0.0
1183,2023-01-23,255.12,258.88,256.82,255.973963987572,419485.0,0.0
1184,2023-01-24,255.57,257.3,256.23,255.385907610527,418802.0,0.0
1185,2023-01-25,254.49,259.02,258.57,257.71819900423,479159.0,0.0
1186,2023-01-26,260.95,261.46,257.25,256.402547448808,620245.0,0.0
1187,2023-01-27,256.68,257.72,254.4,253.561936135964,507960.0,0.0
1188,2023-01-30,253.65,255.19,252.24,251.409051772545,732789.0,0.0
1189,2023-01-31,253.27,257.03,257.01,256.163338075095,713689.0,0.0
1190,2023-02-01,255.51,260.5725,259.77,258.914245872796,583025.0,0.0
1191,2023-02-02,260.54,261.02,255.92,255.076928836147,856817.0,0.0
1192,2023-02-03,255.29,258.38,256.44,255.595215812526,588753.0,0.0
1193,2023-02-06,255.54,259.555,258.24,257.389286115375,619989.0,0.0
1194,2023-02-07,255.73,258.9,257.8,256.9507355969,778472.0,0.0
1195,2023-02-08,256.61,260.0199,258.0,257.150076741661,633545.0,0.0
1196,2023-02-09,259.5,261.63,257.15,256.302876876427,817459.0,0.0
1197,2023-02-10,264.54,273.0,271.52,270.625538127503,1397984.0,0.0
1198,2023-02-13,272.0,273.8,271.57,270.675373413694,993515.0,0.0
1199,2023-02-14,270.85,272.13,270.42,269.529161831318,690355.0,0.0
1200,2023-02-15,269.09,272.01,272.01,271.113923932168,719370.0,0.0
1201,2023-02-16,270.11,271.14,267.36,266.479242316475,596942.0,0.0
1202,2023-02-17,267.54,271.19,269.42,268.532456107513,785572.0,0.0
1203,2023-02-21,269.0,269.27,268.42,267.535750383708,676266.0,0.0
1204,2023-02-22,268.56,268.98,264.11,263.239948714109,818540.0,0.0
1205,2023-02-23,265.7,266.11,264.0,263.130311084491,852386.0,0.0
1206,2023-02-24,261.91,263.335,261.8,260.93755849212,840438.0,0.0
1207,2023-02-27,264.47,265.095,262.94,262.073803017258,561679.0,0.0
1208,2023-02-28,262.66,265.02,262.81,261.944231273163,732174.0,0.0
1209,2023-03-01,261.22,263.57,263.35,262.482452364018,544394.0,0.0
1210,2023-03-02,262.73,264.5,263.56,262.691760566017,436045.0,0.0
1211,2023-03-03,264.92,266.6,266.56,265.681877737431,495407.0,0.0
1212,2023-03-06,267.85,269.74,268.0,267.11713397971,498556.0,0.0
1213,2023-03-07,269.21,269.7099,265.96,265.083854303148,706806.0,0.0
1214,2023-03-08,266.86,268.245,267.59,266.70848463295,494553.0,0.0
1215,2023-03-09,268.75,271.01,265.18,264.30642383858,550171.0,0.0
1216,2023-03-10,264.96,265.56,261.48,260.618612660502,546274.0,0.0
1217,2023-03-13,259.25,264.345,261.15,260.289699771647,840749.0,0.0
1218,2023-03-14,263.29,267.37,266.25,266.25,890743.0,0.88
1219,2023-03-15,263.17,263.5,258.72,258.72,1030203.0,0.0
1220,2023-03-16,261.31,269.28,268.58,268.58,952582.0,0.0
1221,2023-03-17,268.91,269.5,264.24,264.24,1475738.0,0.0
1222,2023-03-20,265.0,270.295,268.11,268.11,743281.0,0.0
1223,2023-03-21,270.83,273.03,271.66,271.66,781485.0,0.0
1224,2023-03-22,271.0,273.11,267.54,267.54,463636.0,0.0
1225,2023-03-23,267.67,272.25,268.16,268.16,601511.0,0.0
1226,2023-03-24,268.16,271.94,271.68,271.68,625324.0,0.0
1227,2023-03-27,273.52,275.83,274.2,274.2,521229.0,0.0
1228,2023-03-28,274.2,275.15,272.88,272.88,559717.0,0.0
1229,2023-03-29,275.24,277.63,276.81,276.81,498941.0,0.0
1230,2023-03-30,280.0,282.16,281.65,281.65,825969.0,0.0
1231,2023-03-31,283.16,286.24,286.13,286.13,730601.0,0.0
1232,2023-04-03,283.81,286.21,285.43,285.43,672558.0,0.0
1233,2023-04-04,286.21,286.21,285.9,285.9,650137.0,0.0
1234,2023-04-05,286.01,286.21,286.14,286.14,1043371.0,0.0
1235,2023-04-06,283.95,284.56,283.46,283.46,795330.0,0.0
1236,2023-04-10,283.0,283.94,283.62,283.62,590877.0,0.0
1237,2023-04-11,283.0,284.735,283.5,283.5,625063.0,0.0
1238,2023-04-12,284.72,287.42,285.72,285.72,639296.0,0.0
1239,2023-04-13,287.21,289.74,289.4,289.4,755682.0,0.0
1240,2023-04-14,289.93,292.15,291.46,291.46,969457.0,0.0
1241,2023-04-17,291.39,292.295,290.92,290.92,656526.0,0.0
1242,2023-04-18,292.23,293.32,290.5,290.5,563732.0,0.0
1243,2023-04-19,289.69,289.78,288.87,288.87,513123.0,0.0
1244,2023-04-20,287.7,288.76,287.72,287.72,600054.0,0.0
1245,2023-04-21,289.73,292.98,292.75,292.75,615279.0,0.0
1246,2023-04-24,293.0,294.5399,293.4,293.4,501758.0,0.0
1247,2023-04-25,293.62,293.62,289.3,289.3,564717.0,0.0
1248,2023-04-26,286.86,289.21,287.69,287.69,609675.0,0.0
1249,2023-04-27,288.86,293.8,293.65,293.65,841077.0,0.0
1250,2023-04-28,292.58,293.64,291.4,291.4,886966.0,0.0
1251,2023-05-01,292.5,295.095,294.57,294.57,460923.0,0.0
1252,2023-05-02,293.94,294.6575,293.16,293.16,665788.0,0.0
1253,2023-05-03,295.0,295.0,288.62,288.62,595591.0,0.0
1254,2023-05-04,288.13,292.67,290.41,290.41,968799.0,0.0
1255,2023-05-05,285.12,288.86,281.56,281.56,1501288.0,0.0
1256,2023-05-08,284.01,287.16,284.9,284.9,1096083.0,0.0
